date,token,count
2025-08-17,according,158
2025-08-17,august,113
2025-08-17,chars,1368
2025-08-17,com,46
2025-08-17,company,110
2025-08-17,day,81
2025-08-17,earnings,25
2025-08-17,financial,65
2025-08-17,first,206
2025-08-17,free,194
2025-08-17,friday,61
2025-08-17,get,99
2025-08-17,inc,216
2025-08-17,latest,58
2025-08-17,market,71
2025-08-17,nasdaq,173
2025-08-17,national,93
2025-08-17,now,119
2025-08-17,nyse,98
2025-08-17,open,77
2025-08-17,president,271
2025-08-17,price,80
2025-08-17,quarter,98
2025-08-17,report,237
2025-08-17,reports,57
2025-08-17,research,63
2025-08-17,return,69
2025-08-17,shares,213
2025-08-17,stock,112
2025-08-17,trump,352
2025-08-18,according,40
2025-08-18,august,94
2025-08-18,chars,1062
2025-08-18,com,23
2025-08-18,company,46
2025-08-18,day,55
2025-08-18,earnings,4
2025-08-18,financial,9
2025-08-18,first,211
2025-08-18,free,50
2025-08-18,friday,19
2025-08-18,get,93
2025-08-18,inc,4
2025-08-18,latest,49
2025-08-18,market,44
2025-08-18,nasdaq,2
2025-08-18,national,32
2025-08-18,now,161
2025-08-18,nyse,1
2025-08-18,open,49
2025-08-18,president,90
2025-08-18,price,31
2025-08-18,quarter,2
2025-08-18,report,30
2025-08-18,reports,25
2025-08-18,research,5
2025-08-18,return,28
2025-08-18,shares,16
2025-08-18,stock,18
2025-08-18,trump,142
2025-08-19,according,101
2025-08-19,august,78
2025-08-19,chars,903
2025-08-19,com,121
2025-08-19,company,160
2025-08-19,day,103
2025-08-19,earnings,122
2025-08-19,financial,106
2025-08-19,first,159
2025-08-19,free,388
2025-08-19,friday,28
2025-08-19,get,287
2025-08-19,inc,189
2025-08-19,latest,130
2025-08-19,market,130
2025-08-19,nasdaq,235
2025-08-19,national,180
2025-08-19,now,97
2025-08-19,nyse,188
2025-08-19,open,167
2025-08-19,president,127
2025-08-19,price,102
2025-08-19,quarter,150
2025-08-19,report,451
2025-08-19,reports,103
2025-08-19,research,107
2025-08-19,return,184
2025-08-19,shares,307
2025-08-19,stock,184
2025-08-19,trump,266
2025-08-21,according,14
2025-08-21,august,19
2025-08-21,chars,408
2025-08-21,com,22
2025-08-21,company,37
2025-08-21,day,41
2025-08-21,earnings,16
2025-08-21,financial,20
2025-08-21,first,48
2025-08-21,free,16
2025-08-21,friday,5
2025-08-21,get,27
2025-08-21,inc,35
2025-08-21,latest,31
2025-08-21,market,95
2025-08-21,nasdaq,13
2025-08-21,national,21
2025-08-21,now,50
2025-08-21,nyse,12
2025-08-21,open,81
2025-08-21,president,53
2025-08-21,price,16
2025-08-21,quarter,6
2025-08-21,report,21
2025-08-21,reports,24
2025-08-21,research,8
2025-08-21,return,84
2025-08-21,shares,16
2025-08-21,stock,71
2025-08-21,trump,122
2025-08-22,according,481
2025-08-22,august,456
2025-08-22,chars,3550
2025-08-22,com,464
2025-08-22,company,702
2025-08-22,day,558
2025-08-22,earnings,511
2025-08-22,financial,476
2025-08-22,first,622
2025-08-22,free,1482
2025-08-22,friday,540
2025-08-22,get,834
2025-08-22,inc,914
2025-08-22,latest,402
2025-08-22,market,709
2025-08-22,nasdaq,827
2025-08-22,national,430
2025-08-22,now,464
2025-08-22,nyse,645
2025-08-22,open,496
2025-08-22,president,346
2025-08-22,price,583
2025-08-22,quarter,479
2025-08-22,report,1787
2025-08-22,reports,493
2025-08-22,research,583
2025-08-22,return,396
2025-08-22,shares,1162
2025-08-22,stock,924
2025-08-22,trump,804
