date,close,high,low,volume,ret_1d,log_ret,sma10,sma20,sma50,sma100,sma200,ema9,ema12,ema21,ema26,ema50,rsi14,rsi21,macd,macd_signal,macd_hist,stoch_k,stoch_d,willr14,roc10,roc20,bb_mid,bb_upper,bb_lower,bb_pct,atr14,hv20,kc_upper,kc_lower,vol_sma20,vol_ratio,obv,pivot_high,pivot_low,pivot_pp,pivot_r1,pivot_s1,signals,news_z
2025-03-05,158.49,159.15,153.03,6786900.0,,,,,,,,,,,,,,,,,,,,,,,,,,,,,,,,,6786900.0,,,,,,,
2025-03-06,156.04,157.88,154.09,7808100.0,-1.5458,-0.0156,,,,,,,,,,,,,,,,,,,,,,,,,,,,,,,-1021200.0,,,156.89,160.75,154.63,,
2025-03-07,161.22,161.82,155.22,8727600.0,3.3197,0.0327,,,,,,,,,,,,,,,,,,,,,,,,,,,,,,,7706400.0,,,156.0033,157.9167,154.1267,,
2025-03-10,154.98,159.26,152.61,10139900.0,-3.8705,-0.0395,,,,,,,,,,,,,,,,,,,,,,,,,,,,,,,-2433500.0,,,159.42,163.62,157.02,,
2025-03-11,153.1,156.23,150.86,8692900.0,-1.2131,-0.0122,,,,,,,,,,,,,,,,,,,,,,,,,,,,,,,-11126400.0,,,155.6167,158.6233,151.9733,,
2025-03-12,152.8,155.86,151.92,7117400.0,-0.196,-0.002,,,,,,,,,,,,,,,,,,,,,,,,,,,,,,,-18243800.0,,,153.3967,155.9333,150.5633,,
2025-03-13,151.94,155.63,150.42,5861700.0,-0.5628,-0.0056,,,,,,,,,,,,,,,,,,,,,,,,,,,,,,,-24105500.0,,,153.5267,155.1333,151.1933,,
2025-03-14,156.58,156.95,153.54,5309400.0,3.0538,0.0301,,,,,,,,,,,,,,,,,,,,,,,,,,,,,,,-18796100.0,,,152.6633,154.9067,149.6967,,
2025-03-17,157.95,158.72,155.44,5781000.0,0.8749,0.0087,,,,,,155.9,,,,,,,,,,,,,,,,,,,,,,,,,-13015100.0,,,155.69,157.84,154.43,,
2025-03-18,156.29,159.73,155.92,6898400.0,-1.051,-0.0106,155.939,,,,,155.978,,,,,,,,,,,,,,,,,,,,,,,,,-19913500.0,,,157.37,159.3,156.02,,
2025-03-19,158.26,160.51,155.06,5871000.0,1.2605,0.0125,155.916,,,,,156.4344,,,,,,,,,,,,,-0.1451,,,,,,,,,,,,-14042500.0,,,157.3133,158.7067,154.8967,,
2025-03-20,157.95,159.12,156.52,5089300.0,-0.1959,-0.002,156.107,,,,,156.7375,156.3,,,,,,,,,,,,1.224,,,,,,,,,,,,-19131800.0,,,157.9433,160.8267,155.3767,,
2025-03-21,156.82,157.42,153.56,10949300.0,-0.7154,-0.0072,155.667,,,,,156.754,156.38,,,,,,,,,,,,-2.7292,,,,,,,,,,,,-30081100.0,,,157.8633,159.2067,156.6067,,
2025-03-24,160.08,161.0,158.8,6033400.0,2.0788,0.0206,156.177,,,,,157.4192,156.9492,,,,,,,,,,,-15.2632,3.2908,,,,,,,,,,,,-24047700.0,,,155.9333,158.3067,154.4467,,
2025-03-25,160.15,161.47,159.42,3978200.0,0.0437,0.0004,156.882,,,,,157.9654,157.4417,,,,52.65,,,,,,,-14.6492,4.6048,,,,,,4.6357,,,,,,-20069500.0,160.149994,,159.96,161.12,158.92,,
2025-03-26,158.39,160.81,156.85,5960300.0,-1.099,-0.0111,157.441,,,,,158.0503,157.5876,,,,49.6457,,,,,79.99993333333333,,-30.0878,3.6584,,,,,,4.5874,,,,,,-26029800.0,,,160.3467,161.2733,159.2233,,
2025-03-27,157.97,159.25,155.75,6102000.0,-0.2652,-0.0027,158.044,,,,,158.0342,157.6464,,,,48.9281,,,,,74.5296,,-31.6742,3.9687,,,,,,4.5098,,,,,,-32131800.0,,,158.6833,160.5167,156.5567,,
2025-03-28,152.72,157.64,151.56,8918000.0,-3.3234,-0.0338,157.658,,,,,156.9714,156.8885,,,,40.9592,,,,,53.017500000000005,69.18234444444445,-79.1855,-2.4652,,,,,,4.6455,,,,,,-41049800.0,,,157.6567,159.5633,156.0633,,
2025-03-31,153.61,153.85,147.88,8613600.0,0.5828,0.0058,157.224,,,,,156.2991,156.3841,,,,42.664,,,,,43.76786666666666,57.10498888888889,-57.8367,-2.7477,,,,,,4.7401,,,,,,-32436200.0,,,153.9733,156.3867,150.3067,,
2025-04-01,153.05,153.32,150.26,5708900.0,-0.3646,-0.0037,156.9,156.4195,,,,155.6493,155.8712,,,,41.8452,,,,,33.6735,43.486288888888886,-61.9573,-2.0731,,156.4195,161.8701,150.9689,0.1909,4.6408,,165.7011,147.1379,7017365.0,0.8135,-38145100.0,,,151.78,155.68,149.71,,
2025-04-02,154.08,155.46,150.37,5377200.0,0.673,0.0067,156.482,156.199,,,,155.3354,155.5956,156.3081,,,43.9749,,,,,41.9426,39.79465555555555,-54.3782,-2.6412,-2.7825,156.199,161.6535,150.7445,0.3058,4.6729,28.4534,165.5425,146.8509,6946880.0,0.774,-32767900.0,,,152.21,154.16,151.1,,
2025-04-03,139.42,147.4,138.56,16465000.0,-9.5145,-0.1,154.629,155.368,,,,152.1523,153.107,154.7728,,,28.1652,32.9397,,,,29.139433333333333,34.91851111111111,-96.2462,-11.7316,-10.6511,155.368,164.4944,146.2416,-0.3737,5.4477,44.9932,165.4943,143.7035,7379725.0,2.2311,-49232900.0,,,153.3033,156.2367,151.1467,rsi_oversold_28.2|bb_lower_touch|volume_spike_2.2x,
2025-04-04,127.46,135.86,126.68,19018600.0,-8.5784,-0.0897,151.693,153.68,,,,147.2139,149.1613,152.2898,,,21.4043,26.8963,,,,17.205866666666665,29.429299999999998,-97.758,-18.7221,-20.9403,153.68,168.5399,138.8201,-0.3822,5.9686,51.6508,163.9515,140.0771,7894275.0,2.4092,-68251500.0,,,141.7933,145.0267,136.1867,rsi_oversold_21.4|bb_lower_touch|volume_spike_2.4x,
2025-04-07,129.72,137.2,120.8,17938300.0,1.7731,0.0176,148.657,152.417,,,,143.7151,146.1704,150.238,,,25.0648,29.464,,,,9.309466666666667,18.551588888888887,-78.0674,-18.9655,-16.2989,152.417,170.553,134.281,-0.1257,6.7137,51.5589,163.3184,136.4636,8284195.0,2.1654,-50313200.0,,,130.0,133.32,124.14,rsi_oversold_25.1|bb_lower_touch|volume_spike_2.2x,
2025-04-08,124.66,135.29,121.74,14965900.0,-3.9007,-0.0398,145.108,150.995,,,,139.9041,142.8611,147.9128,,,22.5342,27.2167,,,,11.221866666666665,12.579066666666664,-90.509,-22.1605,-18.5761,150.995,172.7854,129.2046,-0.1043,7.202,52.7105,161.892,133.084,8597845.0,1.7407,-65279100.0,,124.660004,129.24,137.68,121.28,rsi_oversold_22.5|bb_lower_touch,
2025-04-09,143.59,144.86,124.19,21242600.0,15.1853,0.1414,143.628,150.5345,,,,140.6413,142.9732,147.5198,151.82,,44.9329,43.9962,-8.8468,,,29.153333333333336,16.561555555555557,-43.9636,-9.344,-6.0275,150.5345,172.5411,128.5279,0.3422,8.164,75.3863,163.4448,130.7888,9304105.0,2.2831,-44036500.0,,,127.23,132.72,119.17,volume_spike_2.3x,
2025-04-10,134.4,139.06,129.29,14898800.0,-6.4002,-0.0661,141.271,149.6575,,,,139.393,141.6543,146.3271,150.5296,,39.0324,39.3696,-8.8754,,,32.9891,24.454766666666668,-66.5601,-14.9206,-11.544,149.6575,172.7417,126.5733,0.1695,8.6023,78.6444,163.1103,128.7011,9755960.0,1.5271,-58935300.0,,,137.5467,150.9033,130.2333,,
2025-04-11,139.25,140.65,131.11,10955300.0,3.6086,0.0355,139.924,148.791,,,,139.3644,141.2844,145.6837,149.6941,,43.2667,42.7081,-8.4097,,,44.94713333333334,35.69652222222223,-54.6349,-8.8201,-11.0678,148.791,172.071,125.511,0.2951,8.6693,78.9946,162.6104,127.9332,10038255.0,1.0914,-47980000.0,,,134.25,139.21,129.44,,
2025-04-14,139.19,143.11,136.83,6930300.0,-0.0431,-0.0004,138.482,147.853,,,,139.3295,140.9622,145.0934,148.916,,43.2267,42.6776,-7.9539,,,41.58950000000001,39.84191111111112,-54.0365,-9.3874,-11.8772,147.853,171.093,124.613,0.3136,8.4986,78.8374,161.6898,127.6954,10095720.0,0.6865,-54910300.0,,,137.0033,142.8967,133.3567,,
2025-04-15,138.6,140.84,138.03,6346800.0,-0.4239,-0.0042,137.037,146.9685,,,,139.1836,140.5988,144.5031,148.1519,,42.8076,42.365,-7.5531,,,45.87416666666667,44.13693333333334,-53.7061,-9.4414,-11.3187,146.9685,170.2033,123.7337,0.3199,8.0923,78.8241,160.2969,127.9277,10068140.0,0.6304,-61257100.0,,,139.71,142.59,136.31,,
2025-04-16,135.74,137.31,131.79,10417200.0,-2.0635,-0.0209,135.203,145.8425,,,,138.4949,139.8513,143.7064,147.2325,,40.7456,40.8421,-7.3812,,,44.2704,43.91135555555556,-59.4462,-11.9029,-14.2297,145.8425,168.9617,122.7233,0.2815,8.0007,78.6736,159.3164,127.3136,10295450.0,1.0118,-71674300.0,,,139.1567,140.2833,137.4733,,
2025-04-17,136.66,138.15,135.71,7135900.0,0.6778,0.0068,134.927,144.778,,,,138.1279,139.3603,143.0658,146.4493,,41.7181,41.5517,-7.089,,,44.20216666666667,44.782244444444444,-54.2412,-1.9796,-13.4789,144.778,167.5269,122.0291,0.3216,7.6035,78.8183,157.8882,127.4742,10397780.0,0.6863,-64538400.0,,,134.9467,138.1033,132.5833,,
2025-04-21,136.14,136.55,133.36,8128300.0,-0.3805,-0.0038,135.795,143.744,,,,137.7303,138.8649,142.4362,145.6857,,41.3054,41.258,-6.8208,,,43.5237,43.998755555555555,-55.7415,6.81,-13.1871,143.744,166.0858,121.4022,0.3298,7.2961,78.8277,156.6504,127.466,10256730.0,0.7925,-72666700.0,,,136.84,137.97,135.53,,
2025-04-22,138.74,139.1,136.49,8228000.0,1.9098,0.0189,136.697,142.677,,,,137.9323,138.8457,142.1002,145.1712,,44.2737,43.36,-6.3255,-7.695044444444444,1.3695,47.2591,44.994988888888884,-48.24,6.9534,-13.3308,142.677,163.8013,121.5527,0.4068,6.9864,78.7527,155.715,127.7694,10366460.0,0.7937,-64438700.0,,,135.35,137.34,134.15,,
2025-04-23,140.46,143.88,139.78,9073500.0,1.2397,0.0123,138.277,141.6925,,,,138.4378,139.094,141.9511,144.8222,,46.2116,44.7337,-5.7282,-7.301675555555556,1.5735,56.64276666666666,49.14185555555556,-26.0902,12.6745,-12.2947,141.6925,161.2445,122.1405,0.4685,6.8545,79.0172,155.3291,127.9111,10621225.0,0.8543,-55365200.0,,,138.11,139.73,137.12,,
2025-04-24,147.21,147.82,141.99,8810600.0,4.8056,0.0469,138.639,141.1335,,,,140.1923,140.3426,142.4292,144.9991,,53.1039,49.7551,-4.6564,-6.772620444444445,2.1162,74.47073333333334,59.45753333333332,-2.2576,2.5211,-7.0585,141.1335,159.3368,122.9302,0.6669,6.8906,81.2301,155.9336,128.3712,10763740.0,0.8185,-46554600.0,,,141.3733,142.9667,138.8667,,
2025-04-25,148.56,149.2,146.08,5145600.0,0.9171,0.0091,140.055,140.663,,,,141.8658,141.6068,142.9865,145.2628,,54.3634,50.6958,-3.656,-6.149296355555556,2.4933,89.79956666666665,73.63768888888887,-2.2535,10.5357,-5.9568,140.663,157.5394,123.7866,0.734,6.6213,81.357,156.0053,129.5201,10715920.0,0.4802,-41409000.0,148.559998,,145.6733,149.3567,143.5267,,
2025-04-28,147.62,149.3,145.44,5743500.0,-0.6327,-0.0063,140.892,140.408,,,,143.0166,142.5319,143.4077,145.4375,,53.2901,50.0112,-2.9055,-5.500537084444446,2.595,96.46436666666666,86.91155555555555,-6.0958,6.0108,-3.3394,140.408,156.6916,124.1244,0.7214,6.424,80.5615,156.0733,130.3773,10557195.0,0.544,-47152500.0,,,147.9467,149.8133,146.6933,,
2025-04-29,146.88,148.26,145.52,6692000.0,-0.5013,-0.005,141.661,140.0715,,,,143.7893,143.2009,143.7234,145.5443,,52.4129,49.4591,-2.3434,-4.8691096675555565,2.5257,94.00436666666667,93.42276666666665,-9.6376,5.5248,-4.3812,140.0715,155.506,124.637,0.7206,6.1609,80.5193,155.8952,131.2516,10461115.0,0.6397,-53844500.0,,,147.4533,149.4667,145.6067,,
2025-04-30,148.46,148.85,143.88,10851900.0,1.0757,0.0107,142.647,139.842,,,,144.7235,144.01,144.154,145.7603,,54.1484,50.6797,-1.7503,-4.245347734044445,2.495,93.35623333333332,94.60832222222221,-4.1979,7.114,-2.999,139.842,154.6203,125.0637,0.7916,6.0758,80.647,156.1903,131.8871,10718265.0,1.0125,-42992600.0,,,146.8867,148.2533,145.5133,,
2025-05-01,135.21,138.96,134.87,22836600.0,-8.925,-0.0935,142.594,138.8985,,,,142.8208,142.6561,143.3409,144.9788,,40.7324,41.7925,-2.3227,-3.8608181872355565,1.5381,69.56813333333332,85.6429111111111,-77.4601,-0.3905,-12.2469,138.8985,152.262,125.535,0.362,6.6126,86.8913,156.4231,129.9727,11591235.0,1.9702,-65829200.0,,135.210007,147.0633,150.2467,145.2767,,
2025-05-02,139.81,141.41,137.29,13185600.0,3.4021,0.0335,142.909,138.918,,,,142.2186,142.2183,143.0199,144.5959,,45.7571,45.2898,-2.3776,-3.5641745497884454,1.1866,54.7148,72.54638888888887,-54.1976,2.305,0.2797,138.918,152.2856,125.5504,0.5334,6.5831,80.5349,156.0415,129.7091,11427265.0,1.1539,-52643600.0,,,136.3467,137.8233,133.7333,,
2025-05-05,139.44,140.77,138.29,7165300.0,-0.2646,-0.0026,143.239,139.517,,,,141.6629,141.7908,142.6945,144.214,,45.4235,45.0611,-2.4232,-3.335979639830757,0.9128,37.34386666666666,53.87559999999999,-56.3107,2.424,9.399,139.517,151.8075,127.2265,0.4969,6.29,73.256,155.1281,129.9681,10834600.0,0.6613,-59808900.0,,,139.5033,141.7167,137.5967,,
2025-05-06,139.9,140.8,137.46,6957900.0,0.3299,0.0033,143.355,140.026,,,,141.3103,141.4999,142.4404,143.8944,,45.951,45.4208,-2.3945,-3.1476837118646057,0.7532,45.26936666666668,45.77601111111111,-53.6836,0.8361,7.8477,140.026,151.4651,128.5869,0.4945,6.0793,73.0929,154.4545,130.1373,10285580.0,0.6765,-52851000.0,,,139.5,140.71,138.23,,
2025-05-07,144.3,144.7,140.25,10196400.0,3.1451,0.031,143.739,141.008,,,,141.9082,141.9307,142.6095,143.9245,,50.8455,48.7885,-1.9938,-2.916906969491685,0.9231,52.87936666666667,45.1642,-31.3676,2.7339,15.7549,141.008,150.1418,131.8742,0.6802,5.9879,71.8032,154.4626,130.511,10047105.0,1.0149,-42654600.0,,,139.3867,141.3133,137.9733,,
2025-05-08,145.1,147.5,143.89,8489100.0,0.5544,0.0055,143.528,141.0835,,,,142.5466,142.4183,142.8359,144.0116,,51.7019,49.3848,-1.5933,-2.6521855755933483,1.0589,62.866666666666674,53.67180000000001,-26.3488,-1.4333,1.0516,141.0835,150.3257,131.8413,0.7173,5.8181,51.48,154.3718,131.0994,9409430.0,0.9022,-34165500.0,,,143.0833,145.9167,141.4667,,
2025-05-09,145.18,146.98,144.6,6217100.0,0.0551,0.0006,143.19,141.6225,,,,143.0733,142.8432,143.049,144.0981,,51.7924,49.4465,-1.2549,-2.3727284604746783,1.1178,71.24396666666667,62.330000000000005,-28.5517,-2.2752,8.0208,141.6225,150.4926,132.7524,0.7005,5.5725,45.0695,154.1134,131.8234,8975345.0,0.6927,-27948400.0,,,145.4967,147.1033,143.4933,,
2025-05-12,152.12,154.36,149.83,11414600.0,4.7803,0.0467,143.64,142.266,,,,144.8826,144.2704,143.8736,144.6923,,58.9707,54.5061,-0.4219,-1.9825627683797427,1.5607,77.86880000000001,70.65981111111113,-11.4931,3.0484,9.2424,142.266,152.1623,132.3697,0.9979,5.8302,46.2756,155.5004,132.1796,8998310.0,1.2685,-16533800.0,,,145.5867,146.5733,144.1933,,
2025-05-13,151.34,153.29,150.96,10160900.0,-0.5128,-0.0051,144.086,142.8735,,,,146.1741,145.358,144.5524,145.1847,,57.9267,53.8699,0.1733,-1.5513902147037943,1.7247,81.4867,76.8664888888889,-15.4951,3.0365,8.7291,142.8735,153.4108,132.3362,0.9017,5.5802,46.3712,155.7147,133.3939,9159840.0,1.1093,-26694700.0,,,152.1033,154.3767,149.8467,,
2025-05-14,152.98,153.27,150.43,6971200.0,1.0837,0.0108,144.538,143.5925,147.4122,,,147.5353,146.5306,145.3185,145.7622,147.4122,59.5483,55.0288,0.7685,-1.0874121717630356,1.8559,88.64373333333333,82.66641111111112,-7.0806,3.0446,10.3752,143.5925,154.806,132.379,0.9186,5.3844,46.3155,156.1255,134.5879,9191060.0,0.7585,-19723500.0,,,151.8633,152.7667,150.4367,,
2025-05-15,152.61,153.39,150.18,6941200.0,-0.2419,-0.0024,146.278,144.436,147.2946,,,148.5502,147.4659,145.9814,146.2694,147.616,58.9959,54.7033,1.1965,-0.6306297374104286,1.8271,89.48176666666667,86.53739999999999,-8.979,12.8689,12.4282,144.436,155.6978,133.1742,0.8629,5.2291,45.4077,156.5057,135.5893,9017260.0,0.7698,-26664700.0,,,152.2267,154.0233,151.1833,,
2025-05-16,152.5,153.06,151.3,6668000.0,-0.0721,-0.0007,147.547,145.228,147.2238,,,149.3402,148.2404,146.574,146.7309,147.8076,58.8211,54.6024,1.5095,-0.20260378992834283,1.7121,91.46566666666666,89.86372222222222,-9.5434,9.0766,11.5908,145.228,156.4187,134.0373,0.8249,4.9813,45.4656,156.6247,136.6995,8993865.0,0.7414,-33332700.0,,,152.06,153.94,150.73,,
2025-05-19,153.7,153.82,150.11,7241100.0,0.7869,0.0078,148.973,146.106,147.0734,,,150.2121,149.0803,147.2218,147.2472,148.0386,60.2057,55.5412,1.8332,0.20455696805732576,1.6286,92.69706666666667,91.21483333333333,-3.3864,10.2266,12.8985,146.106,157.0597,135.1523,0.8466,4.8905,45.3376,157.1133,137.5513,8949505.0,0.8091,-26091600.0,,,152.2867,153.2733,151.5133,,
2025-05-20,153.82,153.89,151.93,5269500.0,0.0781,0.0008,150.365,146.86,147.0502,,,150.9337,149.8095,147.8217,147.734,148.2654,60.3493,55.6375,2.0755,0.5787455744458606,1.4968,94.76653333333333,92.97642222222221,-2.7706,9.95,10.8693,146.86,157.7577,135.9623,0.8193,4.6812,45.1122,157.3126,138.5878,8801580.0,0.5987,-20822100.0,153.820007,,152.5433,154.9767,151.2667,,
2025-05-21,151.31,156.13,150.83,9684500.0,-1.6318,-0.0165,151.066,147.4025,147.0144,,,151.009,150.0404,148.1388,147.9989,148.3848,55.8133,53.1103,2.0414,0.8712764595566884,1.1701,89.41969999999999,92.29443333333332,-25.5839,4.8579,7.7246,147.4025,158.0491,136.7559,0.6835,4.7254,45.6592,157.721,138.8194,8832130.0,1.0965,-30506600.0,,,153.2133,154.4967,152.5367,,
2025-05-22,147.37,151.58,147.22,9539100.0,-2.6039,-0.0264,151.293,147.4105,146.9058,,,150.2812,149.6295,148.0689,147.9523,148.345,49.5212,49.4111,1.6772,1.0324611676453508,0.6447,74.9084,86.36487777777778,-46.9203,1.5644,0.1087,147.4105,158.0568,136.7642,0.4981,4.6993,43.836,157.5831,138.7859,8868555.0,1.0756,-40045700.0,,,152.7567,154.6833,149.3833,,
2025-05-23,145.38,146.49,141.77,8994600.0,-1.3503,-0.0136,151.313,147.2515,146.7746,,,149.3009,148.9758,147.8244,147.7618,148.2287,46.6601,47.651,1.214,1.0687689341162807,0.1452,56.638933333333334,73.65567777777778,-57.579,0.1378,-2.1405,147.2515,157.9193,136.5837,0.4123,4.7636,43.9541,157.4446,138.3902,9061005.0,0.9927,-49040300.0,,,148.7233,150.2267,145.8667,,
2025-05-27,148.63,149.35,146.43,9788800.0,2.2355,0.0221,150.964,147.302,146.6156,,,149.1668,148.9226,147.8977,147.8261,148.2444,51.5803,50.6647,1.0965,1.0743151472930246,0.0222,49.423833333333334,60.32372222222222,-47.2292,-2.2942,0.6842,147.302,157.9859,136.6181,0.5621,4.7069,44.657,157.399,138.5714,9263270.0,1.0567,-39251500.0,,,144.5467,147.3233,142.6033,,
2025-05-28,147.6,149.49,147.36,7032300.0,-0.693,-0.007,150.59,147.338,146.4086,,,148.8534,148.7191,147.8706,147.8094,148.2192,50.006,49.7123,0.9097,1.0413921178344197,-0.1317,45.26356666666667,50.44211111111111,-59.4011,-2.4713,0.4902,147.338,158.0208,136.6552,0.5123,4.5229,44.693,156.9943,138.9027,9280285.0,0.7578,-46283800.0,,,148.1367,149.8433,146.9233,macd_bearish_cross,
2025-05-29,148.34,150.5,147.24,5980700.0,0.5013,0.005,150.126,147.332,146.2496,,,148.7507,148.6608,147.9133,147.8487,148.2239,51.1594,50.4154,0.8121,0.9955336942675358,-0.1834,46.3739,47.02043333333333,-54.248,-3.0331,-0.0808,147.332,158.0124,136.6516,0.5472,4.4327,44.5617,156.8512,139.1204,9036725.0,0.6618,-40303100.0,,,148.15,148.94,146.81,,
2025-05-30,145.2,148.02,143.48,13755600.0,-2.1168,-0.0214,149.385,147.8315,145.9884,,,148.0406,148.1283,147.6666,147.6525,148.1053,46.2803,47.459,0.4759,0.8916069554140287,-0.4157,36.745533333333334,42.794333333333334,-76.1143,-4.8555,7.3885,147.8315,157.029,138.634,0.3569,4.4632,29.2165,156.6469,138.7941,8582675.0,1.6027,-54058700.0,,145.199997,148.6933,150.1467,146.8867,,
2025-06-02,146.63,147.21,144.48,6419500.0,0.9849,0.0098,148.798,148.1725,145.762,,,147.7585,147.8978,147.5724,147.5767,148.0475,48.6807,48.8922,0.3211,0.777505564331223,-0.4564,34.4939,39.20444444444444,-66.156,-3.8492,4.8781,148.1725,156.6311,139.7139,0.4088,4.3394,27.1394,156.2955,138.9379,8244370.0,0.7787,-47639200.0,,,145.5667,147.6533,143.1133,,
2025-06-03,148.94,149.78,145.51,6164100.0,1.5754,0.0156,148.322,148.6475,145.6044,,,147.9948,148.0582,147.6967,147.6777,148.0825,52.3822,51.1521,0.3805,0.6981044514649783,-0.3176,35.88666666666666,35.70869999999999,-50.0697,-3.0969,6.813,148.6475,156.0982,141.1968,0.5196,4.3344,27.4638,156.4115,139.0739,8194310.0,0.7522,-41475100.0,,,146.1067,147.7333,145.0033,,
2025-06-04,149.05,150.05,147.38,7143800.0,0.0739,0.0007,147.845,149.105,145.3838,,,148.2058,148.2108,147.8197,147.7794,148.1204,52.5577,51.2599,0.4314,0.6447635611719827,-0.2134,44.82356666666667,38.401377777777775,-49.3036,-3.101,6.5404,149.105,155.3823,142.8277,0.4956,4.2155,27.4788,156.2982,139.4362,8203605.0,0.8708,-34331300.0,,,148.0767,150.6433,146.3733,,
2025-06-05,147.56,150.08,147.0,5605500.0,-0.9997,-0.01,147.47,149.268,145.132,,,148.0767,148.1106,147.7961,147.7631,148.0984,49.8765,49.7004,0.3475,0.5853108489375862,-0.2378,46.98233333333334,42.564188888888886,-59.6797,-2.4784,2.2592,149.268,155.1974,143.3386,0.356,4.1344,25.7797,156.1067,139.5691,7974060.0,0.703,-39936800.0,,,148.8267,150.2733,147.6033,,
2025-06-06,149.24,150.59,149.05,5794700.0,1.1385,0.0113,147.657,149.475,144.949,,,148.3093,148.2844,147.9274,147.8725,148.1432,52.8003,51.4491,0.4119,0.550628679150069,-0.1387,47.678733333333334,46.49487777777778,-47.9805,1.2689,2.8532,149.475,155.0885,143.8615,0.4791,4.0555,25.9923,156.0825,139.8605,7839340.0,0.7392,-34142100.0,,,148.2133,149.4267,146.3467,,
2025-06-09,155.41,156.12,151.17,10589400.0,4.1343,0.0405,148.66,149.9865,144.8978,,,149.7295,149.3806,148.6076,148.4308,148.4282,61.6483,57.1884,0.9498,0.6304629433200553,0.3193,62.441966666666666,52.36767777777778,-5.0139,6.8992,7.0464,149.9865,155.8021,144.1709,0.9663,4.2573,29.4572,157.1945,140.1653,8057955.0,1.3142,-23552700.0,,,149.6267,150.2033,148.6633,macd_bullish_cross,
2025-06-10,159.13,159.51,155.07,9068400.0,2.3937,0.0237,149.71,150.337,145.026,,,151.6096,150.8805,149.5642,149.2234,148.8478,65.8098,60.1692,1.6572,0.8358103546560443,0.8214,81.6212,63.91396666666666,-2.142,7.0645,4.6082,150.337,157.347,143.327,1.1272,4.2703,25.885,158.2157,141.1345,7940645.0,1.142,-14484300.0,,,154.2333,157.2967,152.3467,bb_upper_touch,
2025-06-11,159.48,162.14,157.7,8859900.0,0.2199,0.0022,150.898,150.744,145.1434,,,153.1837,152.2035,150.4656,149.9831,149.2648,66.1816,60.4413,2.2204,1.1127282837248353,1.1077,93.26190000000001,79.10835555555555,-13.0584,8.0488,5.3786,150.744,158.8059,142.6821,1.0418,4.2825,25.7376,159.1739,142.0439,7875595.0,1.125,-5624400.0,159.479996,,157.9033,160.7367,156.2967,bb_upper_touch,
2025-06-12,158.7,159.61,157.95,5689400.0,-0.4891,-0.0049,151.934,151.03,145.2564,,,154.2869,153.203,151.2142,150.6288,149.6348,64.4982,59.4903,2.5742,1.4050226269798682,1.1692,89.30399999999999,88.06236666666666,-16.8876,6.984,3.7391,151.03,159.7665,142.2935,0.939,4.0951,25.6802,159.5697,143.1893,7811505.0,0.7283,-11313800.0,,,159.7733,161.8467,157.4067,,
2025-06-13,154.72,157.17,154.44,8446400.0,-2.5079,-0.0254,152.886,151.1355,145.2692,,,154.3735,153.4364,151.5329,150.9319,149.8342,56.5887,54.8653,2.5045,1.6249181015838947,0.8796,76.76326666666665,86.44305555555555,-39.7642,6.5565,1.3826,151.1355,159.9959,142.2751,0.7023,4.1069,27.4215,159.9115,143.4839,7886765.0,1.071,-19760200.0,,,158.7533,159.5567,157.8967,,
2025-06-16,156.87,158.45,155.64,8686300.0,1.3896,0.0138,153.91,151.354,145.6182,,,154.8728,153.9646,152.0181,151.3717,150.1101,59.4795,56.7716,2.5929,1.818514481267116,0.7744,71.702,79.25642222222221,-28.2422,6.9836,2.8656,151.354,160.5475,142.1605,0.8,4.08,27.8044,160.3503,144.0303,7987680.0,1.0875,-11073900.0,,,155.4433,156.4467,153.7167,,
2025-06-17,154.46,157.58,154.39,7146900.0,-1.5363,-0.0155,154.462,151.392,146.1582,,,154.7903,154.0408,152.2401,151.6005,150.2807,55.0539,54.0832,2.4403,1.9428715850136928,0.4974,63.612033333333336,70.69243333333333,-41.1575,3.7062,0.4945,151.392,160.6301,142.1539,0.6661,4.0164,28.3171,160.4392,144.3736,7982970.0,0.8953,-18220800.0,,,156.9867,158.3333,155.5233,,
2025-06-18,153.63,156.1,153.15,6708700.0,-0.5374,-0.0054,154.92,151.3825,146.6364,,,154.5582,153.9776,152.3665,151.7508,150.4121,53.5755,53.1726,2.2268,1.9996572680109543,0.2271,61.66493333333333,65.65965555555555,-45.6055,3.0728,-0.1235,151.3825,160.611,142.154,0.6218,3.9403,28.3863,160.4036,144.6424,8054930.0,0.8329,-24929500.0,,,155.4767,156.5633,153.3733,,
2025-06-20,151.32,155.12,150.63,15501900.0,-1.5036,-0.0152,155.296,151.383,147.1696,,,153.9106,153.5688,152.2713,151.7189,150.4477,49.5844,50.6792,1.8499,1.9697058144087636,-0.1198,50.656233333333326,58.6444,-61.2683,2.5481,0.0066,151.383,160.6115,142.1545,0.4966,3.9795,28.2902,160.3674,144.4494,8345800.0,1.8574,-40431400.0,,,154.2933,155.4367,152.4867,macd_bearish_cross,
2025-06-23,153.14,153.52,149.68,6860700.0,1.2027,0.012,155.686,151.6715,147.3606,,,153.7565,153.5028,152.3503,151.8242,150.5532,52.5816,52.521,1.6786,1.911484651527011,-0.2329,46.33573333333334,52.88563333333334,-54.119,2.6132,3.9153,151.6715,160.7395,142.6035,0.581,3.9696,26.7802,160.4173,144.5389,8211880.0,0.8355,-33570700.0,,,152.3567,154.0833,149.5933,,
2025-06-24,155.71,156.3,154.15,7692700.0,1.6782,0.0166,155.716,152.188,147.7868,,,154.1472,153.8424,152.6557,152.112,150.7555,56.5131,55.0121,1.7304,1.875267721221609,-0.1449,47.38083333333333,48.124266666666664,-42.4702,0.193,7.1055,152.188,160.9348,143.4412,0.7013,3.9117,26.6071,160.6093,144.9625,8146785.0,0.9443,-25878000.0,,,152.1133,154.5467,150.7067,,
2025-06-25,155.93,156.53,154.59,5280100.0,0.1413,0.0014,155.396,152.553,148.1204,,,154.5037,154.1635,152.9534,152.3948,150.9584,56.8429,55.2232,1.7687,1.8539541769772871,-0.0853,54.1312,49.28258888888889,-41.0172,-2.0109,4.9115,152.553,161.2847,143.8213,0.6934,3.7709,25.6782,160.6271,145.5435,7921350.0,0.6666,-20597900.0,,,155.3867,156.6233,154.4733,,
2025-06-26,158.19,158.42,155.91,6278200.0,1.4494,0.0144,155.267,153.0825,148.5004,,,155.241,154.783,153.4294,152.8241,151.242,60.1841,57.3809,1.9589,1.8749433415818297,0.084,62.1123,54.541444444444444,-30.1757,-0.8089,7.1748,153.0825,161.8329,144.3321,0.7918,3.6808,25.7648,160.9331,146.2099,7883645.0,0.7964,-14319700.0,,,155.6833,156.7767,154.8367,macd_bullish_cross,
2025-06-27,158.54,161.1,157.57,22100300.0,0.2212,0.0022,155.251,153.5925,148.8992,,,155.9008,155.361,153.894,153.2475,151.5282,60.6916,57.7122,2.1135,1.922654673265464,0.1908,66.6382,60.960566666666665,-28.8925,-0.1008,6.8761,153.5925,162.3668,144.8182,0.7819,3.6701,25.7618,161.3849,146.7045,8689625.0,2.5433,7780600.0,,,157.5067,159.1033,156.5933,volume_spike_2.5x,
2025-06-30,159.26,159.86,157.8,7988200.0,0.4541,0.0045,155.705,154.2955,149.3696,,,156.5726,155.9608,154.3819,153.6929,151.8314,61.7712,58.4107,2.268,1.9917237386123712,0.2763,72.60593333333334,67.1188111111111,-23.114,2.9343,9.6832,154.2955,162.5021,146.0889,0.8025,3.5551,24.0491,161.6516,147.4312,8401255.0,0.9508,15768800.0,,,159.07,160.57,157.04,,
2025-07-01,159.4,161.65,157.98,8942300.0,0.0879,0.0009,155.958,154.934,149.8244,,,157.1381,156.4899,154.838,154.1156,152.1282,61.9898,58.5505,2.3743,2.068238990889897,0.3061,75.33436666666667,71.52616666666667,-21.9904,1.6128,8.709,154.934,162.6267,147.2413,0.7903,3.5633,24.0027,162.1307,147.8775,8527395.0,1.0487,24711100.0,,,158.9733,160.1467,158.0867,,
2025-07-02,162.32,162.79,158.8,8916400.0,1.8319,0.0182,156.744,155.603,150.348,,,158.1745,157.3869,155.5182,154.7234,152.5279,66.3163,61.392,2.6635,2.1872911927119176,0.4762,83.77023333333334,77.23684444444444,-3.5849,5.0887,8.9835,155.603,163.4204,147.7856,0.9296,3.5937,24.1784,162.8882,148.5134,8665010.0,1.029,33627500.0,162.320007,,159.6767,161.3733,157.7033,,
2025-07-03,162.21,163.96,162.09,4280800.0,-0.0678,-0.0007,157.602,156.261,150.8174,,,158.9816,158.1289,156.1266,155.2779,152.9076,66.0114,61.226,2.851,2.320032954169534,0.531,87.38993333333333,82.16484444444444,-12.2549,5.5848,8.8293,156.261,163.9761,148.5459,0.8855,3.4706,24.2113,163.262,149.3796,8521860.0,0.5023,29346700.0,,,161.3033,163.8067,159.8167,,
2025-07-07,158.09,161.49,157.57,7187400.0,-2.5399,-0.0257,158.279,156.7875,151.17,,,158.8033,158.1229,156.3051,155.4862,153.1108,55.687,55.3403,2.6367,2.3833663633356275,0.2533,81.0179,84.05935555555556,-41.1065,4.474,7.1361,156.7875,163.4163,150.1587,0.5982,3.5541,26.0107,163.5975,149.3811,8600955.0,0.8357,22159300.0,,,162.7533,163.4167,161.5467,,
2025-07-08,159.45,161.83,158.61,6879100.0,0.8603,0.0086,158.91,157.298,151.4148,,,158.9326,158.3271,156.591,155.7798,153.3594,58.0211,56.7803,2.5472,2.416133090668502,0.1311,71.6853,80.03104444444443,-31.5827,4.1204,6.8413,157.298,163.0359,151.5601,0.6875,3.5674,25.9183,163.906,149.6364,8655175.0,0.7948,29038400.0,,,159.05,160.53,156.61,,
2025-07-09,159.35,161.48,158.25,4190100.0,-0.0627,-0.0006,159.274,157.495,151.6306,,,159.0161,158.4845,156.8418,156.0443,153.5943,57.7801,56.6394,2.4402,2.4209464725348013,0.0193,65.0093,72.57083333333333,-32.2829,2.3377,2.5352,157.495,163.2306,151.7594,0.6617,3.5433,21.8866,164.1034,149.9302,8335210.0,0.5027,24848300.0,,,159.9633,161.3167,158.0967,,
2025-07-10,159.09,160.29,157.79,5674400.0,-0.1632,-0.0016,159.59,157.493,151.86,,,159.0309,158.5776,157.0462,156.2699,153.8098,57.1158,56.2579,2.3077,2.3982971780278413,-0.0906,67.34356666666666,68.01272222222222,-34.1037,2.0266,-0.0251,157.493,163.2264,151.7596,0.6393,3.4688,20.2317,164.1519,150.2767,8165510.0,0.6949,19173900.0,,,159.6933,161.1367,157.9067,macd_bearish_cross,
2025-07-11,157.46,159.17,157.15,5907700.0,-1.0246,-0.0103,159.517,157.392,152.0716,,,158.7167,158.4057,157.0838,156.3581,153.953,53.0021,53.8701,2.0476,2.328157742422273,-0.2806,62.6984,65.01708888888889,-45.5182,-0.4615,-1.2666,157.392,163.0525,151.7315,0.506,3.3653,20.5346,163.9683,150.5071,8017900.0,0.7368,13266200.0,,,159.0567,160.3233,157.8233,,
2025-07-14,154.29,156.5,153.48,7382600.0,-2.0132,-0.0203,159.092,157.1715,152.1882,,,157.8314,157.7725,156.8298,156.2049,153.9662,46.0548,49.5734,1.5676,2.1760461939378186,-0.6084,42.70236666666667,57.58144444444445,-92.271,-2.6807,-2.7788,157.1715,162.9533,151.3897,0.2508,3.4092,21.6599,163.7753,150.1385,8102560.0,0.9111,5883600.0,,,157.9267,158.7033,156.6833,,
2025-07-15,154.3,156.71,154.12,6467300.0,0.0065,0.0001,158.596,157.1505,152.57,,,157.1251,157.2383,156.5998,156.0638,153.9793,46.0789,49.5867,1.1745,1.975736955150255,-0.8012,23.3451,42.91528888888889,-92.1755,-3.1144,-0.2715,157.1505,162.9707,151.3303,0.2551,3.3507,19.7183,163.4053,150.0025,8003605.0,0.808,12350900.0,,,154.7567,156.0333,153.0133,,
2025-07-16,154.07,154.5,151.54,7106700.0,-0.1491,-0.0015,158.063,157.0105,152.8552,,,156.5141,156.7508,156.3698,155.9161,153.9828,45.5764,49.2724,0.8348,1.7475495641202041,-0.9127,11.974666666666666,26.007377777777776,-79.6295,-3.3438,-1.7849,157.0105,162.9836,151.0374,0.2539,3.3228,19.0196,163.0987,149.8075,7924625.0,0.8968,5244200.0,,,155.0433,155.9667,153.3767,,
2025-07-17,152.61,153.53,151.8,7018600.0,-0.9476,-0.0095,157.092,156.918,153.1186,,,155.7333,156.1138,156.028,155.6712,153.929,42.4146,47.2753,0.4426,1.4865596512961634,-1.044,12.270066666666667,15.863277777777776,-91.3848,-5.982,-1.1977,156.918,163.0999,150.7361,0.1516,3.2476,18.5247,162.5823,149.5919,7918210.0,0.8864,-1774400.0,,,153.37,155.2,152.24,,
2025-07-18,154.8,155.43,152.73,7433900.0,1.435,0.0142,156.351,156.9765,153.4166,,,155.5466,155.9117,155.9164,155.6067,153.9632,48.2176,50.4392,0.305,1.2502477210369307,-0.9452,18.411233333333332,14.218655555555555,-73.752,-4.5682,0.7616,156.9765,163.0541,150.8989,0.3209,3.2171,19.1526,162.3987,149.5303,7954470.0,0.9346,5659500.0,,,152.6467,153.4933,151.7633,,
2025-07-21,158.97,159.93,154.91,7662300.0,2.6938,0.0266,156.439,157.359,153.71,,,156.2313,156.3822,156.194,155.8558,154.1595,57.0854,55.7483,0.5264,1.1054781768295447,-0.5791,31.562033333333332,20.747777777777777,-40.1771,0.5566,5.0555,157.359,162.904,151.814,0.6453,3.3537,20.3555,162.9581,149.5433,7562490.0,1.0132,13321800.0,,,154.32,155.91,153.21,,
2025-07-22,157.99,159.04,156.17,6951600.0,-0.6165,-0.0062,156.293,157.6015,153.9678,,,156.583,156.6295,156.3573,156.0139,154.3097,54.714,54.3126,0.6157,1.0075225414636357,-0.3918,46.0011,31.991455555555557,-48.0676,-0.9156,3.167,157.6015,162.8007,152.4023,0.5374,3.3191,20.252,163.0546,149.7782,7567035.0,0.9187,6370200.0,,,157.9367,160.9633,155.9433,,
2025-07-23,159.88,160.04,156.93,7296200.0,1.1963,0.0119,156.346,157.81,154.2618,,,157.2424,157.1296,156.6775,156.3003,154.5282,58.3108,56.5771,0.8293,0.9718780331709086,-0.1426,59.63503333333333,45.732722222222215,-32.8502,0.3326,2.6781,157.81,163.0235,152.5965,0.6985,3.3042,19.8488,163.3546,150.1378,7547210.0,0.9667,13666400.0,,,157.7333,159.2967,156.4267,,
2025-07-24,158.84,159.09,156.79,5014800.0,-0.6505,-0.0065,156.321,157.9555,154.3962,,,157.5619,157.3927,156.8741,156.4884,154.6973,55.6897,55.0019,0.9044,0.958382426536727,-0.054,63.3416,56.32591111111111,-29.0574,-0.1571,1.8662,157.9555,163.1132,152.7978,0.5857,3.2889,20.0431,163.5234,150.3678,7533945.0,0.6656,8651600.0,,,158.95,160.97,157.86,,
2025-07-25,158.4,159.2,157.41,4808200.0,-0.277,-0.0028,156.415,157.966,154.5374,,,157.7295,157.5477,157.0128,156.63,154.8425,54.572,54.33,0.9177,0.9502459412293817,-0.0325,68.253,63.7432111111111,-33.3334,0.597,0.1327,157.966,163.1264,152.8056,0.5421,3.1818,19.4304,163.4478,150.7206,7460445.0,0.6445,3843400.0,,,158.24,159.69,157.39,,
2025-07-28,161.05,161.96,159.16,9627300.0,1.673,0.0166,157.091,158.0915,154.6988,151.0555,,158.3936,158.0865,157.3798,156.9574,155.0859,59.8044,57.6052,1.1291,0.9860167529835054,0.1431,76.29199999999999,69.29553333333332,-8.7332,4.3814,1.5832,158.0915,163.4209,152.7621,0.7776,3.2089,20.2923,163.8797,151.0441,6836795.0,1.4082,13470700.0,,,158.3367,159.2633,157.4733,macd_bullish_cross,
2025-07-29,162.08,163.6,161.14,9460900.0,0.6396,0.0064,157.869,158.2325,154.8882,151.0914,,159.1309,158.7009,157.8071,157.3368,155.3602,61.6531,58.8108,1.3641,1.0616334023868044,0.3025,81.77656666666667,75.44052222222221,-12.6037,5.0421,1.7707,158.2325,163.821,152.644,0.8442,3.1618,20.3479,164.2253,151.5781,6910430.0,1.3691,22931600.0,162.080002,,160.7233,162.2867,159.4867,,
2025-07-30,159.06,163.27,158.0,14382500.0,-1.8633,-0.0188,158.368,158.2155,155.0194,151.1216,,159.1167,158.7561,157.921,157.4645,155.5053,53.8347,54.0767,1.2917,1.1076467219094437,0.1841,80.33933333333333,79.46929999999999,-37.6451,3.2388,-0.2133,158.2155,163.7918,152.6392,0.5757,3.3124,21.5144,164.6368,151.3872,7182440.0,2.0025,8549100.0,,,162.2733,163.4067,160.9467,volume_spike_2.0x,
2025-07-31,146.76,156.8,145.58,24440100.0,-7.7329,-0.0805,157.783,157.4375,154.8806,150.977,,156.6454,156.9106,156.9064,156.6716,155.1623,34.5933,40.2285,0.239,0.933917377527555,-0.6949,52.099799999999995,71.40523333333333,-93.4518,-3.8333,-9.586,157.4375,164.6173,150.2577,-0.2436,4.0386,34.799,165.0176,148.8632,7958625.0,3.0709,-15891000.0,,,160.11,162.22,156.95,macd_bearish_cross|bb_lower_touch|volume_spike_3.1x,
2025-08-01,148.19,149.17,145.79,12706700.0,0.9744,0.0097,157.122,156.7365,154.768,150.9091,,154.9543,155.569,156.114,156.0433,154.8889,37.3948,42.0404,-0.4743,0.652273902022044,-1.1266,27.795666666666666,53.4116,-85.5161,-4.27,-8.6431,156.7365,164.6189,148.8541,-0.0421,3.9916,35.1644,164.0902,148.1238,8379920.0,1.5163,-3184300.0,,,149.7133,153.8467,142.6267,bb_lower_touch,
2025-08-04,147.51,150.79,147.07,8150200.0,-0.4589,-0.0046,155.976,156.2075,154.692,150.8532,,153.4654,154.3291,155.3318,155.4112,154.5995,36.5922,41.4135,-1.0821,0.30539912161763516,-1.3875,10.5808,30.158755555555555,-89.2897,-7.2089,-6.6924,156.2075,165.0207,147.3943,0.0066,3.9722,34.2625,163.2326,147.3438,8428060.0,0.967,-11334500.0,,,147.7167,149.6433,146.2633,,
2025-08-05,146.71,148.65,145.67,7794500.0,-0.5423,-0.0054,154.848,155.5705,154.6788,150.7923,,152.1144,153.1569,154.548,154.7667,154.2901,35.6234,40.6646,-1.6097,-0.07762070270589186,-1.5321,10.488333333333335,16.28826666666667,-93.7292,-7.1397,-7.99,155.5705,165.1615,145.9795,0.0381,3.9013,33.9698,162.2739,146.6687,8473830.0,0.9198,-19129000.0,,,148.4567,149.8433,146.1233,,
2025-08-06,145.84,146.71,144.11,8475700.0,-0.593,-0.0059,153.444,154.895,154.688,150.7313,,150.8595,152.0313,153.7564,154.1054,153.9588,34.5521,39.8418,-2.0742,-0.4769365621647135,-1.5973,8.619133333333334,9.896088888888888,-91.1237,-8.7816,-8.4782,154.895,165.2024,144.5876,0.0608,3.8084,33.9488,161.266,146.0324,8688110.0,0.9756,-27604700.0,,145.839996,147.01,148.35,145.37,,
2025-08-07,145.9,148.32,144.81,6753500.0,0.0411,0.0004,152.15,154.2355,154.6334,150.6245,,149.8676,151.088,153.0422,153.4976,153.6427,34.698,39.9298,-2.4096,-0.8634692497317709,-1.5461,8.110433333333335,9.072633333333334,-90.8158,-8.1466,-8.2909,154.2355,165.0597,143.4113,0.115,3.7871,33.9789,160.4854,145.337,8742065.0,0.7725,-20851200.0,,,145.5533,146.9967,144.3967,,
2025-08-08,147.56,148.02,145.69,5028700.0,1.1378,0.0113,151.066,153.7405,154.6326,150.5206,,149.4061,150.5452,152.5438,153.0578,153.4042,38.764,42.3787,-2.5126,-1.1932953997854168,-1.3193,11.920633333333333,9.550066666666668,-82.2986,-6.8434,-6.2873,153.7405,164.8318,142.6492,0.2214,3.683,34.3392,159.7676,145.0356,8698115.0,0.5781,-15822500.0,,,146.3433,147.8767,144.3667,,
2025-08-11,147.97,151.06,147.71,6215900.0,0.2779,0.0028,149.758,153.4245,154.6252,150.4374,,149.1189,150.149,152.128,152.6809,153.1911,39.7617,42.9816,-2.5319,-1.4610163198283335,-1.0709,15.563533333333334,11.864866666666666,-80.195,-8.1217,-4.0962,153.4245,164.7919,142.0571,0.2601,3.6699,33.7892,159.3193,144.6397,8639780.0,0.7195,-9606600.0,,,147.09,148.49,146.16,,
2025-08-12,153.73,153.9,148.57,9304100.0,3.8927,0.0382,148.923,153.396,154.7958,150.3921,,150.0411,150.7,152.2736,152.7586,153.2122,51.6736,50.6046,-2.0587,-1.5805530558626668,-0.4781,28.955000000000002,18.813055555555554,-50.6414,-5.1518,-0.3694,153.396,164.7573,142.0347,0.5147,3.8313,36.6966,159.8088,144.4836,8781620.0,1.0595,-302500.0,,,148.9133,150.1167,146.7667,,
2025-08-13,156.59,157.11,153.63,7103300.0,1.8604,0.0184,148.676,153.522,154.995,150.3785,,151.3509,151.6061,152.666,153.0424,153.3447,56.295,53.8232,-1.4363,-1.5517024446901335,0.1154,44.398799999999994,29.63911111111111,-35.9672,-1.5529,1.6356,153.522,164.966,142.078,0.634,3.8062,37.2794,160.1818,144.957,8781450.0,0.8089,6800800.0,,,152.0667,155.5633,150.2333,macd_bullish_cross,
2025-08-14,158.09,158.65,154.9,6294800.0,0.9579,0.0095,149.809,153.796,155.178,150.3912,,152.6987,152.6036,153.1591,153.4163,153.5308,58.5346,55.4228,-0.8127,-1.403901955752107,0.5912,61.70680000000001,45.020199999999996,-28.271,7.7201,3.5908,153.796,165.4008,142.1912,0.685,3.8022,37.1925,160.6996,145.4908,8745260.0,0.7198,13095600.0,,,155.7767,157.9233,154.4433,,
2025-08-15,157.85,159.26,156.69,7583700.0,-0.1518,-0.0015,150.775,153.9485,155.354,150.3689,,153.729,153.4108,153.5855,153.7448,153.7002,58.0223,55.1021,-0.334,-1.1899215646016856,0.8559,68.75316666666667,58.286255555555556,-29.5023,6.5187,1.9703,153.9485,165.6815,142.2155,0.6663,3.7142,36.9105,160.9765,146.1197,8752750.0,0.8664,5511900.0,,,157.2133,159.5267,155.7767,,
2025-08-18,158.9,159.75,157.24,4774400.0,0.6652,0.0066,151.914,153.945,155.5808,150.3564,,154.7632,154.2553,154.0687,154.1266,153.9041,59.6848,56.2646,0.1286,-0.9262172516813486,1.0548,73.13956666666667,67.86651111111111,-22.808,7.7215,-0.044,153.945,165.6721,142.2179,0.7113,3.6282,35.7355,161.3142,146.8014,8608355.0,0.5546,10286300.0,,,157.9333,159.1767,156.6067,,
2025-08-19,156.25,159.43,156.05,6396500.0,-1.6677,-0.0168,152.868,153.858,155.721,150.335,,155.0605,154.5621,154.267,154.2839,153.9961,53.8845,52.6521,0.2782,-0.6853338013450789,0.9635,75.10373333333332,72.33215555555556,-22.3785,6.5026,-1.1013,153.858,165.4892,142.2268,0.6028,3.6105,36.1753,161.4875,147.0455,8580600.0,0.7455,3889800.0,,,158.63,160.02,157.51,,
2025-08-20,155.44,156.64,153.46,7151700.0,-0.5184,-0.0052,153.828,153.636,155.7216,150.3097,,155.1364,154.6972,154.3736,154.3695,154.0527,52.2142,51.589,0.3277,-0.4827270410760632,0.8104,75.752,74.6651,-27.5575,6.5826,-2.7771,153.636,164.9645,142.3075,0.5796,3.5797,35.9031,161.5377,147.2189,8573375.0,0.8342,-3261900.0,,,157.2433,158.4367,155.0567,,
2025-08-21,154.13,155.2,153.05,4997300.0,-0.8428,-0.0085,154.651,153.4005,155.6216,150.3238,,154.9351,154.6099,154.3515,154.3518,154.0557,49.5396,49.8788,0.2581,-0.33456163286085056,0.5927,71.37683333333332,74.07752222222221,-35.9335,5.6409,-2.9652,153.4005,164.4796,142.3214,0.5329,3.4947,35.9463,161.3441,147.3653,8572500.0,0.5829,-8259200.0,,,155.18,156.9,153.72,,
2025-08-22,158.01,159.89,154.56,7711500.0,2.5173,0.0249,155.696,153.381,155.5922,150.3678,,155.5501,155.133,154.6841,154.6228,154.2108,56.6263,54.5631,0.5102,-0.16560930628868042,0.6758,74.86506666666668,73.99796666666667,-11.9138,7.0819,-0.2462,153.381,164.4261,142.3359,0.7095,3.6565,37.1358,162.0158,147.3898,8717665.0,0.8846,-547700.0,,,154.1267,155.2033,153.0533,,
2025-08-25,156.42,158.05,155.4,4653000.0,-1.0063,-0.0101,156.541,153.1495,155.5466,150.4015,,155.7241,155.331,154.8419,154.7559,154.2974,53.3215,52.4537,0.5751,-0.017467445030944342,0.5926,76.72093333333333,74.32094444444444,-21.9899,5.7106,-2.8749,153.1495,163.7261,142.5729,0.6546,3.5846,36.7494,162.0355,147.6971,8468950.0,0.5494,-5200700.0,,,157.4867,160.4133,155.0833,,
2025-08-26,159.17,159.96,157.41,9173000.0,1.7581,0.0174,157.085,153.004,155.6356,150.4524,,156.4133,155.9216,155.2353,155.0829,154.4885,57.8981,55.5728,0.8388,0.15378604397524454,0.685,86.96056666666665,79.51552222222222,-5.2146,3.5387,-1.7954,153.004,163.1567,142.8513,0.8037,3.5815,37.2677,162.4392,148.1132,8454555.0,1.085,3972300.0,,,156.6233,157.8467,155.1967,,
2025-08-27,159.77,159.97,157.8,4549900.0,0.377,0.0038,157.403,153.0395,155.6936,150.6559,,157.0846,156.5137,155.6476,155.4301,154.6956,58.8462,56.2306,1.0836,0.3397488351801956,0.7439,90.46499999999999,84.71549999999998,-1.4005,2.0308,0.4464,153.0395,163.2813,142.7977,0.8286,3.4806,36.6863,162.6654,148.743,7962925.0,0.5714,8522200.0,,,158.8467,160.2833,157.7333,,
2025-08-28,160.8,161.22,159.03,8156300.0,0.6447,0.0064,157.674,153.7415,155.8204,150.9893,,157.8277,157.1731,156.116,155.8278,154.935,60.491,57.3683,1.3453,0.5408590681441565,0.8044,96.75870000000002,91.39475555555555,-3.1088,1.7142,9.5666,153.7415,164.0895,143.3935,0.8411,3.3885,20.905,162.9665,149.4125,7148735.0,1.1409,16678500.0,,,159.18,160.56,158.39,,
2025-08-29,160.73,161.6,159.4,9949100.0,-0.0435,-0.0004,157.962,154.3685,155.9624,151.2994,,158.4082,157.7203,156.5354,156.191,155.1623,60.3146,57.2621,1.5294,0.7385672545153252,0.7908,96.27123333333333,94.49831111111111,-6.677,1.8245,8.4621,154.3685,164.8142,143.9228,0.8045,3.3036,20.8846,163.2291,150.0147,7010855.0,1.4191,6729400.0,,,160.35,161.67,159.48,,
2025-09-02,158.78,158.94,154.6,7520300.0,-1.2132,-0.0122,157.95,154.932,156.1116,151.6406,,158.4825,157.8834,156.7395,156.3827,155.3041,55.4618,54.3203,1.5006,0.8909738036122603,0.6096,85.7439,92.92461111111112,-32.9825,-0.0755,7.6402,154.932,165.0477,144.8163,0.6902,3.5055,21.4694,163.8385,149.8165,6979360.0,1.0775,-790900.0,,,160.5767,161.7533,159.5533,,
2025-09-03,157.28,159.57,156.06,6336400.0,-0.9447,-0.0095,158.053,155.4605,156.1944,151.7775,,158.242,157.7905,156.7886,156.4492,155.3816,51.9961,52.1562,1.3413,0.9810390428898084,0.3603,69.93803333333334,83.98438888888889,-50.5264,0.6592,7.2047,155.4605,164.8835,146.0375,0.5965,3.5058,21.7443,163.8822,149.859,6906455.0,0.9175,-7127300.0,,,157.44,160.28,155.94,,
2025-09-04,159.71,159.86,154.47,7781200.0,1.545,0.0153,158.48,156.154,156.2744,152.0306,,158.5356,158.0858,157.0542,156.6908,155.5514,56.7149,55.1927,1.3951,1.0638512343118467,0.3312,64.7953,73.49241111111111,-22.1052,2.747,9.5104,156.154,164.6375,147.6705,0.7096,3.6404,21.8326,164.4218,149.8602,6871730.0,1.1323,653900.0,,,157.6367,159.2133,155.7033,,
2025-09-05,159.84,163.49,159.15,7954200.0,0.0814,0.0008,159.051,156.851,156.3526,152.2365,,158.7965,158.3557,157.3075,156.924,155.7195,56.9586,55.3519,1.4317,1.1374209874494774,0.2943,64.13553333333334,66.28962222222223,-34.9618,3.7047,9.5545,156.851,164.0423,149.6597,0.7078,3.6903,21.8229,164.7786,150.0174,6931765.0,1.1475,8608100.0,,,158.0133,161.5567,156.1667,,
2025-09-08,160.24,160.29,158.01,7019700.0,0.2503,0.0025,159.274,157.485,156.3936,152.447,,159.0852,158.6456,157.5741,157.1697,155.8968,57.7471,55.8585,1.4759,1.205116789959582,0.2708,70.6009,66.51057777777778,-31.1303,1.4113,8.5931,157.485,163.4128,151.5572,0.7324,3.5896,21.6851,164.8479,150.4895,7031315.0,0.9983,15627800.0,,,160.8267,162.5033,158.1633,,
2025-09-09,158.66,161.6,157.57,6126000.0,-0.986,-0.0099,159.498,158.0195,156.396,152.6476,,159.0002,158.6478,157.6728,157.2801,156.0052,53.5725,53.3479,1.3678,1.2376534319676658,0.1301,62.54783333333333,65.76142222222222,-46.2644,1.432,7.2244,158.0195,162.0401,153.9989,0.5797,3.6211,22.2497,165.0053,150.5209,7026820.0,0.8718,9501800.0,,,159.5133,161.0167,158.7367,,
2025-09-10,158.95,159.21,156.61,8256900.0,0.1828,0.0018,159.476,158.2805,156.3898,152.8797,,158.9901,158.6943,157.7889,157.4038,156.1207,54.2266,53.7485,1.2906,1.2482427455741325,0.0424,59.7062,64.28497777777777,-43.4867,-0.1382,3.3956,158.2805,161.7999,154.7611,0.5951,3.5481,18.0815,164.9723,150.7799,6974460.0,1.1839,17758700.0,,,159.2767,160.9833,156.9533,,
2025-09-11,161.51,162.07,157.96,8360200.0,1.6106,0.016,159.65,158.5265,156.432,153.1282,,159.4941,159.1275,158.1272,157.7079,156.332,59.6329,57.1587,1.4196,1.282514196459306,0.1371,62.76586666666666,61.67329999999999,-21.9513,1.0891,3.142,158.5265,162.2223,154.8307,0.9036,3.5883,17.7983,165.3988,151.0456,7037305.0,1.188,26118900.0,,,158.2567,159.9033,157.3033,,
2025-09-12,161.83,162.33,159.58,5430600.0,0.1981,0.002,159.753,158.7135,156.4222,153.3851,,159.9613,159.5433,158.4638,158.0133,156.5476,60.2647,57.5693,1.53,1.332011357167445,0.198,72.0528,64.84162222222223,-18.4036,0.6405,2.3657,158.7135,162.6712,154.7558,0.8937,3.5284,17.549,165.6226,151.509,6994095.0,0.7765,31549500.0,,,160.5133,163.0667,158.9567,,
2025-09-15,161.22,162.68,160.21,5604800.0,-0.3769,-0.0038,159.802,158.882,156.4024,153.6099,,160.213,159.8012,158.7144,158.2508,156.7308,58.3887,56.4857,1.5504,1.3756890857339559,0.1747,78.1596,70.99275555555556,-25.1663,0.3049,2.1349,158.882,162.9633,154.8007,0.7864,3.4528,17.613,165.7242,151.913,6895150.0,0.8129,25944700.0,,,161.2467,162.9133,160.1633,,
2025-09-16,164.14,165.0,161.5,7997500.0,1.8112,0.0179,160.338,159.144,156.5234,153.8467,,160.9984,160.4687,159.2076,158.687,157.0214,64.1428,60.2467,1.7817,1.456891268587165,0.3248,82.7543,77.65556666666667,-8.1672,3.3757,3.2977,159.144,163.825,154.463,1.0336,3.4762,18.523,166.2778,152.373,7056305.0,1.1334,33942200.0,,,161.37,162.53,160.06,bb_upper_touch,
2025-09-17,165.26,166.37,163.23,6057800.0,0.6823,0.0068,161.136,159.5945,156.6396,154.0272,,161.8507,161.2058,159.7578,159.1739,157.3445,66.0803,61.5839,2.0319,1.5718930148697319,0.46,85.7796,82.23116666666668,-9.3277,5.0738,5.7664,159.5945,164.7816,154.4074,1.0461,3.4521,17.2586,166.7948,152.9864,7039370.0,0.8606,40000000.0,,,163.5467,165.5933,162.0933,bb_upper_touch,
2025-09-18,168.13,168.86,166.23,10421200.0,1.7367,0.0172,161.978,160.229,156.8152,154.2229,,163.1066,162.2711,160.5189,159.8373,157.7674,70.4818,64.7723,2.4338,1.7442744118957856,0.6895,92.4774,87.00376666666666,-5.0729,5.2721,8.1639,160.229,166.2635,154.1945,1.1547,3.4627,17.7086,167.6007,153.7499,7202845.0,1.4468,50421200.0,,,164.9533,166.6767,163.5367,rsi_overbought_70.5|bb_upper_touch,
2025-09-19,166.85,169.58,166.29,19444400.0,-0.7613,-0.0076,162.679,160.865,156.9704,154.4152,,163.8553,162.9755,161.0945,160.3568,158.1236,66.3468,62.349,2.6188,1.9191795295166285,0.6996,89.1773,89.14476666666667,-18.0675,4.3856,8.2528,160.865,166.8754,154.8546,0.9979,3.4504,17.6347,168.1642,154.3626,7925200.0,2.4535,30976800.0,,,167.74,169.25,166.62,volume_spike_2.5x,
2025-09-22,169.72,170.22,165.92,6196600.0,1.7201,0.0171,163.627,161.4505,157.2156,154.6436,,165.0282,164.0132,161.8786,161.0504,158.5784,70.5226,65.3969,2.9628,2.127903623613303,0.8349,91.22833333333334,90.96101111111112,-3.1746,5.9161,7.4109,161.4505,168.4366,154.4644,1.0919,3.5111,16.5947,169.091,155.0466,7849455.0,0.7894,37173400.0,,,167.5733,168.8567,165.5667,rsi_overbought_70.5|bb_upper_touch,
2025-09-23,169.53,170.85,168.3,5468400.0,-0.112,-0.0011,164.714,162.106,157.5204,154.8543,,165.9286,164.8619,162.5742,161.6785,159.0079,69.9042,65.0309,3.1834,2.3390028988906426,0.8444,90.2331,90.21291111111111,-8.0586,6.8511,8.3813,162.106,169.5277,154.6843,1.0002,3.4424,15.9035,169.6642,155.8946,7890225.0,0.6931,31705000.0,,,168.62,171.32,167.02,bb_upper_touch,
2025-09-24,173.55,174.44,168.67,9213700.0,2.3713,0.0234,166.174,162.825,157.9054,155.2377,,167.4529,166.1985,163.572,162.5579,159.5781,74.9162,68.8973,3.6407,2.5993423191125142,1.0414,94.59173333333332,92.01772222222222,-4.9916,9.1853,9.0344,162.825,171.6274,154.0226,1.1092,3.6087,16.6982,171.0225,156.5877,7892260.0,1.1674,40918700.0,173.550003,,169.56,170.82,168.27,rsi_overbought_74.9|bb_upper_touch,0.0
2025-09-25,169.68,171.97,167.94,8093700.0,-2.2299,-0.0226,166.991,163.3205,158.2176,155.5364,,167.8983,166.7341,164.1273,163.0854,159.9743,63.8861,61.9713,3.6487,2.8092138552900114,0.8395,86.75106666666666,90.5253,-26.6966,5.0585,6.2027,163.3205,172.4874,154.1536,0.8469,3.7516,19.2354,171.8678,156.8614,8069450.0,1.003,32825000.0,,,172.22,175.77,170.0,,
2025-09-26,169.2,170.93,168.13,4846000.0,-0.2829,-0.0028,167.728,163.7405,158.5494,155.834,,168.1586,167.1135,164.5884,163.5384,160.3361,62.654,61.1705,3.5752,2.9624110842320093,0.6128,79.64103333333334,86.99461111111111,-29.3887,4.5542,5.2239,163.7405,173.1729,154.3081,0.7894,3.6836,19.2979,172.1924,157.458,7903935.0,0.6131,27979000.0,,,169.8633,171.7867,167.7567,,
2025-09-29,165.3,169.84,164.76,7523100.0,-2.305,-0.0233,168.136,163.969,158.7594,156.088,,167.5869,166.8345,164.6531,163.6688,160.5307,53.6073,55.0963,3.1657,3.0030688673856076,0.1626,64.21759999999999,76.86989999999999,-51.2619,2.5307,2.8433,163.969,173.3196,154.6184,0.5712,3.7834,21.3656,172.4372,157.3036,7782635.0,0.9667,20455900.0,,,169.42,170.71,167.91,,
2025-09-30,166.36,166.84,164.88,5593300.0,0.6413,0.0064,168.358,164.348,158.9072,156.3086,,167.3415,166.7615,164.8083,163.8682,160.7593,55.4885,56.3337,2.8933,2.9811150939084863,-0.0878,56.77343333333334,66.87735555555555,-49.0291,1.3525,4.7739,164.348,173.4374,155.2586,0.6107,3.6531,20.8072,172.3184,157.706,7686285.0,0.7277,26049200.0,,,166.6333,168.5067,163.4267,macd_bearish_cross,
2025-10-01,166.49,166.77,164.49,6153000.0,0.0781,0.0008,168.481,164.8085,159.0772,156.5225,,167.1712,166.7197,164.9612,164.0624,160.9841,55.7257,56.4882,2.6573,2.916352075126789,-0.2591,48.73656666666667,56.57586666666666,-53.4993,0.7443,5.8558,164.8085,173.3347,156.2823,0.5986,3.5551,20.3474,172.2632,158.0428,7677115.0,0.8015,32202200.0,,,166.0267,167.1733,165.2133,,
2025-10-02,168.85,169.54,167.18,5499500.0,1.4175,0.0141,168.553,165.2655,159.2566,156.7592,,167.507,167.0475,165.3147,164.417,161.2925,59.9017,59.2358,2.6304,2.859161660101431,-0.2288,52.72946666666667,52.746488888888884,-39.2832,0.4282,5.7229,165.2655,173.6278,156.9032,0.7143,3.519,20.2498,172.5431,158.4671,7563030.0,0.7272,37701700.0,,,165.9167,167.3433,165.0633,,
2025-10-03,169.18,171.75,168.74,5137900.0,0.1954,0.002,168.786,165.7325,159.4634,156.9298,,167.8416,167.3755,165.6661,164.7698,161.6019,60.4633,59.6103,2.6057,2.808469328081145,-0.2028,55.52276666666666,52.3296,-40.6492,1.3965,5.8433,165.7325,173.8709,157.5941,0.7118,3.4826,20.2391,172.8203,158.8899,7422215.0,0.6922,42839600.0,,,168.5233,169.8667,167.5067,,
2025-10-06,168.62,170.88,167.72,8265800.0,-0.331,-0.0033,168.676,166.1515,159.6678,157.1026,,167.9973,167.567,165.9346,165.055,161.8771,58.9544,58.6503,2.512,2.7491754624649163,-0.2372,56.04986666666667,54.76736666666667,-51.918,-0.6481,5.2296,166.1515,173.9723,158.3307,0.6578,3.4596,20.357,173.0376,159.1992,7484520.0,1.1044,34573800.0,,,169.89,171.04,168.03,,0.0
2025-10-07,165.46,171.98,165.14,7147500.0,-1.874,-0.0189,168.269,166.4915,159.756,157.2274,,167.4898,167.2428,165.8915,165.085,162.0176,51.1912,53.5414,2.1578,2.630900369971933,-0.4731,39.06053333333333,50.211055555555554,-90.2512,-2.4008,4.2859,166.4915,173.5324,159.4506,0.4267,3.701,21.3167,173.4577,158.6537,7535595.0,0.9485,27426300.0,,,169.0733,170.4267,167.2667,,19.205
2025-10-08,167.77,168.55,163.89,7302200.0,1.3961,0.0139,167.691,166.9325,159.8698,157.379,,167.5459,167.3239,166.0623,165.2839,162.2432,55.7758,56.453,2.04,2.5127202959775463,-0.4727,31.536033333333332,42.21547777777778,-63.2227,-3.3305,5.5489,166.9325,173.0764,160.7886,0.5682,3.7695,21.7208,173.758,158.68,7487860.0,0.9752,34728500.0,,,167.5267,169.9133,163.0733,,13.341
2025-10-09,165.66,167.61,163.23,6928400.0,-1.2577,-0.0127,167.289,167.14,160.0018,157.5106,,167.1687,167.068,166.0257,165.3118,162.3772,51.0582,53.2521,1.7562,2.361416236782037,-0.6052,22.734399999999997,31.11032222222222,-78.3229,-2.3692,2.5695,167.14,172.7985,161.4815,0.3692,3.8246,21.7774,173.8149,158.5165,7416270.0,0.9342,27800100.0,,,166.7367,169.5833,164.9233,,18.815
2025-10-10,153.59,165.09,153.35,15818600.0,-7.286,-0.0757,165.728,166.728,160.1384,157.5095,,164.4529,164.9944,164.8952,164.4435,162.0326,33.5676,39.7239,0.5509,1.9993129894256294,-1.4484,19.864099999999997,24.711511111111108,-98.8621,-9.2258,-5.0918,166.728,174.6287,158.8273,-0.3314,4.4307,34.9135,173.8294,156.1066,7935670.0,1.9934,11981500.0,,153.589996,165.5,167.77,163.39,bb_lower_touch,18.077
2025-10-13,161.78,162.39,155.78,10311000.0,5.3324,0.052,165.376,166.756,160.4102,157.5891,,163.9184,164.4999,164.612,164.2462,162.0227,46.8678,48.9617,0.2537,1.6501903915405036,-1.3965,20.928833333333333,21.17577777777778,-60.0285,-2.1295,0.3474,166.756,174.5821,158.9299,0.1821,4.7428,39.913,174.15,155.1788,8170980.0,1.2619,22292500.0,,,157.3433,161.3367,149.5967,,21.023
2025-10-14,161.74,164.27,159.26,8675200.0,-0.0247,-0.0002,164.914,166.636,160.6948,157.6934,,163.4827,164.0753,164.3509,164.0606,162.0116,46.8185,48.9232,0.0147,1.3230923132324028,-1.3084,28.714766666666666,23.169233333333334,-54.9651,-2.7771,-1.4622,166.636,174.6891,158.5829,0.196,4.7619,39.3568,173.9097,154.8621,8204865.0,1.0573,13617300.0,,,159.9833,164.1867,157.5767,,17.282
2025-10-15,162.97,164.24,160.31,7334100.0,0.7605,0.0076,164.562,166.5215,161.02,157.8494,,163.3801,163.9053,164.2253,163.9798,162.0492,48.6087,50.1863,-0.0745,1.0435738505859224,-1.1181,45.54783333333333,31.730477777777775,-48.3629,-2.1142,-1.3857,166.5215,174.7136,158.3295,0.2832,4.7024,39.3775,173.6559,154.8463,8268680.0,0.887,20951400.0,,,161.7567,164.2533,159.2433,,6.955
2025-10-16,164.08,165.19,162.21,5686700.0,0.6811,0.0068,164.085,166.319,161.3848,158.0364,,163.5201,163.9321,164.2121,163.9872,162.1288,50.2367,51.3268,-0.0551,0.823839080468738,-0.8789,51.42243333333334,41.89501111111111,-42.4047,-2.825,-2.4089,166.319,174.5422,158.0958,0.3639,4.5794,38.9195,173.3936,155.076,8031955.0,0.708,26638100.0,,,162.5067,164.7033,160.7733,,8.728
2025-10-17,163.45,163.79,161.67,4833100.0,-0.384,-0.0038,163.512,166.149,161.7358,158.1846,,163.5061,163.858,164.1429,163.9474,162.1806,49.2824,50.6359,-0.0894,0.6411912643749904,-0.7306,54.482,50.48408888888889,-45.7864,-3.3869,-2.0378,166.149,174.4613,157.8367,0.3377,4.4245,38.8597,173.009,155.311,7301390.0,0.6619,21805000.0,,,163.8267,165.4433,162.4633,,9.82
2025-10-20,167.04,167.65,162.06,8194100.0,2.1964,0.0217,163.354,166.015,162.1254,158.379,,164.2129,164.3475,164.4062,164.1765,162.3712,54.5772,54.3154,0.171,0.5471530114999924,-0.3762,61.76416666666666,55.88953333333333,-26.5164,-0.937,-1.5791,166.015,174.1778,157.8522,0.5628,4.5077,39.1821,173.4497,155.4189,7401265.0,1.1071,29999100.0,,,162.97,164.27,162.15,,14.256
2025-10-21,168.83,169.24,166.2,6176100.0,1.0716,0.0107,163.691,165.98,162.5426,158.5839,,165.1363,165.0371,164.8084,164.5212,162.6245,56.9884,56.0312,0.5159,0.540902409199994,-0.025,70.26299999999999,62.16972222222222,-16.9082,2.0367,-0.4129,165.98,174.088,157.872,0.6758,4.4029,39.3917,173.6587,156.0471,7436650.0,0.8305,36175200.0,,,165.5833,169.1067,163.5167,,15.875
2025-10-22,169.27,169.78,166.02,10083800.0,0.2606,0.0026,163.841,165.766,162.8534,158.8246,,165.963,165.6883,165.214,164.873,162.8851,57.5844,56.4533,0.8154,0.5958019273599953,0.2196,80.67633333333333,70.90116666666667,-14.5464,0.8941,-2.4661,165.766,173.2667,158.2653,0.7336,4.3569,38.4153,173.9874,156.5598,7480155.0,1.3481,46259000.0,,,168.09,169.98,166.94,macd_bullish_cross,31.422
2025-10-23,170.03,171.25,167.88,6546400.0,0.449,0.0045,164.278,165.7835,163.1222,159.0586,,166.7764,166.3563,165.6518,165.255,163.1653,58.6502,57.1986,1.1013,0.6969015418879962,0.4044,86.02613333333333,78.98848888888888,-10.467,2.6379,0.2063,165.7835,173.3222,158.2448,0.7816,4.2865,37.6172,174.2996,157.1536,7402790.0,0.8843,52805400.0,,,168.3567,170.6933,166.9333,,18.796
2025-10-24,168.94,172.42,168.47,6256000.0,-0.6411,-0.0064,165.813,165.7705,163.3392,159.2586,,167.2091,166.7538,165.9507,165.5279,163.3917,56.4589,55.7615,1.2258,0.8026812335103971,0.4231,85.57936666666667,84.09394444444445,-18.2485,9.9941,-0.1537,165.7705,173.2865,158.2546,0.7109,4.2624,37.6761,174.5574,157.5078,7473290.0,0.8371,46549400.0,,,169.72,171.56,168.19,,13.596
2025-10-27,187.68,205.95,168.82,81799300.0,11.0927,0.1052,168.403,166.8895,163.9358,159.6449,,171.3033,169.9732,167.9261,167.1688,164.3442,74.2628,69.5654,2.8044,1.2030249868083178,1.6014,78.85019999999999,83.48523333333333,-34.7339,16.0094,13.539,166.8895,179.0321,154.7469,1.3561,6.6101,52.0399,181.3145,154.8741,11187100.0,7.3119,128348700.0,187.679993,,169.9433,171.4167,167.4667,rsi_overbought_74.3|bb_upper_touch|volume_spike_7.3x,39.193
2025-10-28,181.03,185.91,179.41,20323100.0,-3.5433,-0.0361,170.332,167.623,164.3784,159.9796,,173.2487,171.6742,169.1174,168.1956,164.9986,64.2266,62.3199,3.4787,1.6581599894466543,1.8205,66.54706666666667,76.9922111111111,-47.3764,11.9265,8.8182,167.623,181.2327,154.0133,0.9926,6.7287,54.1747,182.7837,155.8689,11923590.0,1.7044,108025600.0,,,187.4833,206.1467,169.0167,,
2025-10-29,178.67,183.49,178.2,11614600.0,-1.3037,-0.0131,171.902,168.232,164.8268,160.2739,,174.3329,172.7505,169.9858,168.9715,165.5347,61.0723,59.9915,3.7791,2.0823479915573238,1.6968,55.3422,66.91315555555555,-51.8631,9.6337,7.3158,168.232,182.6504,153.8136,0.862,6.6259,54.5157,183.4679,156.9643,12196670.0,0.9523,96411000.0,,,182.1167,184.8233,178.3233,,
2025-10-30,177.26,179.88,177.19,7862900.0,-0.7892,-0.0079,173.22,168.6525,165.2632,160.4924,,174.9183,173.4443,170.6471,169.5854,165.9945,59.2015,58.6177,3.8589,2.4376583932458593,1.4212,47.85830000000001,56.582522222222224,-57.1856,8.0327,4.9807,168.6525,183.5994,153.7056,0.7879,6.3448,54.5106,183.5766,158.1974,12314840.0,0.6385,88548100.0,,,180.12,182.04,176.75,,
2025-10-31,180.9,182.15,176.83,9452800.0,2.0535,0.0203,174.965,169.2385,165.7986,160.7101,,176.1147,174.5913,171.5792,170.4235,166.579,62.4033,61.0364,4.1678,2.7836867145966875,1.3841,45.766533333333335,49.65567777777778,-53.6517,10.676,6.9275,169.2385,185.1124,153.3646,0.8673,6.2716,54.8782,184.3838,159.2974,12530585.0,0.7544,98000900.0,,,178.11,179.03,176.34,,
2025-11-03,180.72,183.45,179.09,8535100.0,-0.0995,-0.001,176.333,169.8435,166.2528,160.9225,,177.0357,175.5342,172.4102,171.1862,167.1336,62.1436,60.8517,4.3479,3.09652937167735,1.2514,44.62743333333333,46.08408888888889,-55.2804,8.1897,7.1759,169.8435,186.4809,153.2061,0.8269,6.135,54.847,184.9563,160.4163,12544050.0,0.6804,89465800.0,,,179.96,183.09,177.77,,
2025-11-04,172.84,179.34,172.29,12323600.0,-4.3603,-0.0446,176.734,170.2125,166.5812,161.0639,,176.1966,175.1197,172.4492,171.3087,167.3574,51.9501,53.4219,3.811,3.23942349734188,0.5716,38.76456666666667,43.052844444444446,-74.7742,2.3752,4.4603,170.2125,186.7719,153.6531,0.5793,6.299,56.9523,185.2989,160.1029,12802855.0,0.9626,77142200.0,,,181.0867,183.0833,178.7233,,
2025-11-05,179.72,183.43,174.32,18845500.0,3.9806,0.039,177.779,170.81,166.9922,161.3139,,176.9013,175.8274,173.1102,171.9318,167.8422,58.3707,58.1107,3.8956,3.370658797873504,0.5249,36.9029,40.0983,-59.2367,6.1736,7.1228,170.81,187.8297,153.7903,0.7618,6.6055,58.3214,186.5804,160.1584,13380020.0,1.4085,95987700.0,,,174.8233,177.3567,170.3067,,
2025-11-06,173.2,178.51,170.06,16184700.0,-3.6279,-0.037,178.096,171.187,167.2608,161.4772,,176.161,175.4232,173.1184,172.0257,168.0523,51.3658,52.8199,3.3975,3.3760270382988034,0.0215,30.4569,35.374788888888894,-74.6184,1.8644,4.5515,171.187,188.0671,154.3069,0.5596,6.8236,59.829,187.0005,159.7061,13842835.0,1.1692,79803000.0,,,179.1567,183.9933,174.8833,,
2025-11-07,170.89,174.25,168.25,10614700.0,-1.3337,-0.0134,178.291,172.052,167.4626,161.6415,,175.1068,174.7258,172.9158,171.9416,168.1636,49.1169,51.0894,2.7842,3.257661630639043,-0.4735,26.11373333333334,31.15784444444445,-87.8037,1.1543,11.2638,172.052,186.8855,157.2185,0.4608,6.7648,52.7442,186.6483,159.5891,13582640.0,0.7815,69188300.0,,,173.9233,177.7867,169.3367,macd_bearish_cross,
2025-11-10,171.57,174.8,169.5,10129300.0,0.3979,0.004,176.68,172.5415,167.6794,161.8209,,174.3995,174.2403,172.7935,171.9141,168.2972,49.8135,51.5798,2.3262,3.0713693045112347,-0.7452,17.159066666666664,24.57656666666667,-86.1007,-8.5838,6.0514,172.5415,186.6134,158.4696,0.4655,6.6602,49.787,186.2916,159.6508,13573555.0,0.7463,79317600.0,,,171.13,174.01,168.01,,
2025-11-11,173.98,175.98,171.0,8419100.0,1.4047,0.0139,175.975,173.1535,167.9834,162.0475,,174.3156,174.2002,172.9013,172.0671,168.52,52.3055,53.3211,2.1331,2.8837154436089882,-0.7506,14.039566666666667,19.104122222222223,-83.9769,-3.8944,7.5677,173.1535,186.3292,159.9778,0.5314,6.5402,49.9213,186.1476,159.9868,13560750.0,0.6208,87736700.0,,,171.9567,174.4133,169.1133,,
2025-11-12,176.67,177.42,174.88,8785800.0,1.5462,0.0153,175.775,173.8385,168.3712,162.2828,,174.7864,174.5802,173.2439,172.4081,168.8396,54.992,55.209,2.1721,2.741392354887191,-0.5693,17.418866666666666,16.205833333333334,-77.6658,-1.1194,8.4065,173.8385,186.2262,161.4508,0.6143,6.3187,50.0783,186.0478,160.773,13633335.0,0.6444,96522500.0,,,173.6533,176.3067,171.3267,,
2025-11-13,174.5,178.83,173.03,9526100.0,-1.2283,-0.0124,175.499,174.3595,168.667,162.4707,,174.7292,174.5679,173.3581,172.563,169.0616,52.4266,53.3803,2.0048,2.594073883909753,-0.5893,18.311866666666663,16.590099999999996,-83.4217,-1.557,6.3506,174.3595,185.9099,162.8091,0.5061,6.2817,50.3989,186.0775,160.9507,13825305.0,0.689,86996400.0,,,176.3233,177.7667,175.2267,,
2025-11-14,173.98,175.69,171.4,7949900.0,-0.298,-0.003,174.807,174.886,168.9498,162.6512,,174.5793,174.4774,173.4146,172.668,169.2545,51.8029,52.9391,1.8094,2.437139107127802,-0.6277,23.786233333333332,19.83898888888889,-67.5538,-3.8253,6.4423,174.886,185.3036,164.4684,0.4565,6.1394,50.3841,185.8373,161.2797,13981145.0,0.5686,79046500.0,,,175.4533,177.8767,172.0767,,
2025-11-17,166.75,174.84,165.17,10211100.0,-4.1556,-0.0424,173.41,174.8715,169.08,162.7368,,173.0135,173.2886,172.8088,172.2296,169.1563,43.9709,47.2391,1.059,2.1615112857022414,-1.1025,19.21633333333333,20.438144444444443,-91.3755,-7.7302,-0.1736,174.8715,185.3335,164.4095,0.1119,6.3916,52.3519,185.6933,160.1269,14081995.0,0.7251,68835400.0,,,173.69,175.98,171.69,,
2025-11-18,165.06,166.79,161.39,11073200.0,-1.0135,-0.0102,172.632,174.683,169.208,162.802,,171.4228,172.0227,172.1043,171.6985,168.9956,42.3587,46.0229,0.3241,1.7940290285617932,-1.4699,19.235699999999998,20.746088888888888,-83.3636,-4.5013,-2.233,174.683,185.695,163.671,0.0631,6.3208,52.3073,184.8041,159.5209,14326850.0,0.7729,57762200.0,,,168.92,172.67,163.0,,
2025-11-19,166.11,167.51,164.11,8176500.0,0.6361,0.0063,171.271,174.525,169.3512,162.8705,,170.3602,171.113,171.5594,171.2846,168.8825,43.7389,46.9145,-0.1716,1.4009032228494347,-1.5725,15.552366666666666,18.001466666666666,-78.6038,-7.5729,-1.8668,174.525,185.9269,163.1231,0.131,6.1121,52.3595,183.8102,159.3618,14231485.0,0.5745,65938700.0,,,164.4133,167.4367,162.0367,,
2025-11-20,159.59,168.88,158.85,12075400.0,-3.9251,-0.04,169.91,174.003,169.3128,162.8724,,168.2062,169.3402,170.4713,170.4183,168.518,37.7021,42.3531,-1.0781,0.9051025782795478,-1.9832,13.680233333333334,16.1561,-96.9919,-7.858,-6.1401,174.003,187.0216,160.9844,-0.0536,6.392,54.104,183.2276,157.6596,14507935.0,0.8323,53863300.0,,159.589996,165.91,167.71,164.31,bb_lower_touch,
2025-11-21,163.3,165.27,159.1,10815000.0,2.3247,0.023,169.151,173.721,169.3422,162.8822,,167.2249,168.411,169.8193,169.891,168.3134,42.5602,45.518,-1.48,0.4280820626236383,-1.9081,14.169466666666665,14.467355555555555,-81.8959,-4.4415,-3.3385,173.721,187.394,160.048,0.1189,6.3761,54.8706,182.5154,157.011,14735885.0,0.7339,64678300.0,,,162.44,166.03,156.0,,
2025-11-24,165.06,166.94,163.72,12070100.0,1.0778,0.0107,168.5,172.59,169.419,162.9107,,166.7919,167.8954,169.3867,169.5332,168.1858,44.7609,46.9683,-1.6377,0.01492565009891067,-1.6526,15.458866666666665,14.436188888888887,-74.7356,-3.7944,-12.0524,172.59,185.1544,160.0256,0.2003,6.1807,38.1654,181.6767,156.9539,11249425.0,1.073,76748400.0,,,162.5567,166.0133,159.8433,,
2025-11-25,163.3,164.97,161.87,7758100.0,-1.0663,-0.0107,167.432,171.7035,169.4022,162.9628,,166.0936,167.1884,168.8333,169.0715,167.9942,42.9872,45.6912,-1.883,-0.3646594799208715,-1.5183,21.880266666666667,17.169533333333334,-77.7277,-6.1386,-9.794,171.7035,184.2628,159.1442,0.1654,5.9671,36.5808,180.6766,156.8082,10621175.0,0.7304,68990300.0,,,165.24,166.76,163.54,,
2025-11-26,165.14,166.25,163.15,7967700.0,1.1268,0.0112,166.279,171.027,169.3998,163.0197,,165.9028,166.8733,168.4976,168.7802,167.8823,45.4221,47.2652,-1.9069,-0.6731075839366973,-1.2338,26.339399999999998,21.226177777777778,-68.5185,-6.5263,-7.5726,171.027,183.4694,158.5846,0.2634,5.7623,36.8958,179.9239,156.8747,10438830.0,0.7633,76958000.0,,,163.38,164.89,161.79,,
2025-11-28,168.09,168.19,164.13,5068800.0,1.7864,0.0177,165.638,170.5685,169.399,163.1071,,166.3403,167.0605,168.4605,168.7291,167.8904,49.1702,49.7184,-1.6686,-0.8722060671493579,-0.7964,33.333333333333336,27.18433333333333,-53.7538,-3.6734,-5.1732,170.5685,182.7311,158.4059,0.3981,5.6407,37.6426,179.6513,157.0885,10299125.0,0.4922,82026800.0,,,164.8467,166.5433,163.4433,,
2025-12-01,168.04,169.03,165.5,6818300.0,-0.0297,-0.0003,165.044,169.9255,169.4228,163.1966,,166.6802,167.2112,168.4223,168.6781,167.8963,49.1086,49.6773,-1.4669,-0.9911448537194865,-0.4758,41.2412,33.63797777777778,-54.0041,-3.4142,-7.1089,169.9255,181.1596,158.6914,0.4161,5.4899,36.6719,179.3182,157.3586,10167400.0,0.6706,75208500.0,,,166.8033,169.4767,165.4167,,
2025-12-02,170.7,171.17,167.64,9159100.0,1.583,0.0157,165.439,169.4245,169.4424,163.329,,167.4842,167.7479,168.6294,168.8278,168.0063,52.5146,51.8999,-1.0799,-1.0088958829755892,-0.071,50.517133333333334,41.69722222222222,-40.6907,2.3688,-5.5445,169.4245,179.5249,159.3241,0.5631,5.3499,37.3081,179.2632,157.8636,10198600.0,0.8981,84367600.0,,,167.5233,169.5467,166.0167,,
2025-12-03,175.07,175.09,170.35,7624300.0,2.5601,0.0253,166.44,169.536,169.5532,163.5368,,169.0013,168.8744,169.2149,169.2902,168.2833,57.542,55.3051,-0.4158,-0.8902767063804714,0.4745,62.16213333333334,51.30682222222222,-18.8188,6.0645,1.2902,169.536,179.8321,159.2399,0.7687,5.3064,35.1214,179.7958,158.5702,9963635.0,0.7652,91991900.0,,,169.8367,172.0333,168.5033,macd_bullish_cross,
2025-12-04,174.35,174.93,173.23,7245000.0,-0.4113,-0.0041,167.264,169.2675,169.5692,163.7373,,170.0711,169.7168,169.6817,169.665,168.5212,56.481,54.636,0.0518,-0.7018613651043771,0.7537,77.5111,63.39678888888889,-7.9572,4.9606,-2.988,169.2675,178.7339,159.8011,0.7685,5.0588,32.0729,179.7927,159.5575,9383610.0,0.7721,84746900.0,,,173.5033,176.6567,171.9167,,
2025-12-05,174.81,177.25,174.5,8400100.0,0.2638,0.0026,168.786,169.348,169.6718,163.9447,,171.0189,170.5004,170.1479,170.0461,168.7678,57.0261,55.0012,0.4542,-0.4706490920835017,0.9248,86.65436666666666,75.44253333333334,-13.2609,9.5369,0.9296,169.348,178.9728,159.7232,0.7837,4.9046,29.2235,179.9734,160.355,8994380.0,0.9339,93147000.0,,,174.17,175.11,173.41,,
2025-12-08,175.31,175.5,173.72,6690200.0,0.286,0.0029,169.987,169.569,169.794,164.1717,,171.8771,171.2403,170.6172,170.436,169.0244,57.6472,55.4109,0.8043,-0.21565927366680138,1.02,89.4128,84.52608888888888,-10.5435,7.3546,2.5865,169.569,179.5227,159.6153,0.7884,4.6814,28.7651,180.017,161.2914,8798155.0,0.7604,99837200.0,,,175.52,176.54,173.79,,
2025-12-09,176.0,176.35,172.32,7719100.0,0.3936,0.0039,171.081,169.7905,170.008,164.3837,,172.7017,171.9726,171.1065,170.8482,169.2979,58.5378,55.9916,1.1244,0.052352581066558906,1.072,89.8007,88.62262222222222,-6.7935,6.6279,2.582,169.7905,180.1031,159.4779,0.8011,4.6349,28.7645,180.4332,161.8936,8677645.0,0.8895,107556300.0,,,174.8433,175.9667,174.1867,,
2025-12-10,182.21,183.44,175.25,11100100.0,3.5284,0.0347,172.972,170.202,170.325,164.6161,,174.6033,173.5476,172.1159,171.6898,169.8043,65.5572,60.8136,1.8578,0.41344206485324714,1.4444,92.55366666666667,90.58905555555556,-5.002,11.5799,4.7304,170.202,181.7351,158.6689,1.0206,4.8888,30.8417,181.993,162.4378,8811695.0,1.2597,118656400.0,182.210007,,174.89,177.46,173.43,bb_upper_touch,
2025-12-11,181.27,181.64,178.09,6319200.0,-0.5159,-0.0052,174.585,170.432,170.6206,164.8489,,175.9367,174.7356,172.9481,172.3994,170.2539,63.7966,59.7727,2.3362,0.7979936518825977,1.5382,93.09636666666665,91.81691111111111,-8.9154,9.7675,2.6037,170.432,182.6358,158.2282,0.944,4.8339,30.5503,182.7456,163.41,8688365.0,0.7273,112337200.0,,,180.3,185.35,177.16,,
2025-12-12,178.29,183.11,177.87,8865800.0,-1.644,-0.0166,175.605,170.6215,170.8094,165.033,,176.4073,175.2825,173.4338,172.8358,170.569,58.4384,56.5506,2.4467,1.1277349215060783,1.319,87.40226666666668,91.01743333333333,-23.8758,6.0682,2.1719,170.6215,183.1845,158.0585,0.8052,4.8629,30.8355,183.3,163.8484,8655350.0,1.0243,103471400.0,,,180.3333,182.5767,179.0267,,
2025-12-15,179.26,180.31,176.39,6954700.0,0.5441,0.0054,176.727,170.8855,171.011,165.2372,,176.9779,175.8944,173.9634,173.3117,170.9099,59.627,57.3366,2.5827,1.4187279372048627,1.164,82.61,87.70287777777777,-19.3788,6.677,3.0348,170.8855,183.9323,157.8387,0.8209,4.7955,30.8332,183.7067,164.5247,8605590.0,0.8082,110426100.0,,,179.7567,181.6433,176.4033,,
2025-12-16,176.12,179.19,174.81,7136000.0,-1.7516,-0.0177,177.269,171.354,171.161,165.4144,,176.8063,175.9291,174.1595,173.5197,171.1142,54.2211,54.0153,2.4094,1.6168623497638903,0.7925,73.55616666666667,81.18947777777778,-36.0769,3.1752,5.6192,171.354,184.446,158.262,0.682,4.7709,27.1895,183.8484,164.7648,8451835.0,0.8443,103290100.0,,,178.6533,180.9167,176.9967,,
2025-12-17,172.34,177.48,172.05,8501900.0,-2.1463,-0.0217,176.996,171.718,171.2986,165.5273,158.2914,175.913,175.3769,173.9941,173.4323,171.1623,48.5184,50.3301,1.9446,1.6824098798111122,0.2622,62.3537,72.83995555555556,-57.4832,-1.5594,4.4105,171.718,184.4907,158.9453,0.5243,4.8179,28.203,183.7551,164.4835,8323270.0,1.0215,94788200.0,,,176.7067,178.6033,174.2233,,
2025-12-18,174.19,177.08,173.53,8967500.0,1.0735,0.0107,176.98,172.122,171.427,165.6484,158.3699,175.5684,175.1943,174.0119,173.4884,171.281,51.2223,52.0125,1.7059,1.6871079038488899,0.0188,51.62636666666666,62.51207777777778,-51.5608,-0.0918,4.8642,172.122,184.6688,159.5752,0.5824,4.8124,28.33,183.7508,164.5012,8362820.0,1.0723,103755700.0,,,173.9567,175.8633,170.4333,,
2025-12-19,175.25,177.19,174.2,25223500.0,0.6085,0.0061,177.024,172.905,171.6188,165.8103,158.466,175.5047,175.2029,174.1244,173.6189,171.4366,52.7535,52.9709,1.584,1.666486323079112,-0.0825,46.373533333333334,53.4512,-51.8354,0.2517,9.8126,172.905,184.1084,161.7016,0.6047,4.6829,23.4876,183.5989,164.8673,9020225.0,2.7963,128979200.0,,,174.9333,176.3367,172.7867,macd_bearish_cross|volume_spike_2.8x,
2025-12-22,174.22,178.32,173.9,6422100.0,-0.5877,-0.0059,176.915,173.451,172.0314,166.0849,158.531,175.2478,175.0517,174.1331,173.6634,171.5458,51.0757,51.9131,1.3882,1.6108290584632898,-0.2226,42.0561,46.685333333333325,-70.4355,-0.6218,6.6871,173.451,183.7572,163.1448,0.5373,4.6641,22.7277,183.56,164.9036,8800580.0,0.7297,122557100.0,,,175.5467,176.8933,173.9033,,
2025-12-23,174.75,175.27,173.51,4690400.0,0.3042,0.003,176.79,173.9355,172.2908,166.3505,158.6298,175.1482,175.0053,174.1892,173.7439,171.6714,51.9231,52.4264,1.2613,1.5409232467706322,-0.2796,33.811366666666665,40.74699999999999,-76.295,-0.7102,5.8706,173.9355,183.5029,164.3681,0.5426,4.4567,22.5551,183.1946,165.3678,8431595.0,0.5563,127247500.0,,,175.48,177.06,172.64,,
2025-12-24,174.77,175.49,174.42,1645300.0,0.0114,0.0001,176.046,174.509,172.5514,166.6231,158.7382,175.0726,174.9691,174.242,173.8199,171.793,51.9569,52.4465,1.1491,1.462558597416506,-0.3135,25.7167,33.86138888888889,-76.1194,-4.0832,7.0239,174.509,182.7392,166.2788,0.5159,4.2148,22.0118,182.7573,165.8981,8125955.0,0.2025,128892800.0,,,174.51,175.51,173.75,,
2025-12-26,174.81,175.5,174.35,2442800.0,0.0229,0.0002,175.4,174.9925,172.7882,166.9041,158.8482,175.0201,174.9446,174.2936,173.8933,171.9113,52.0295,52.4887,1.0513,1.3803068779332048,-0.329,23.9391,27.822388888888884,-75.7683,-3.5637,5.8556,174.9925,182.0113,167.9737,0.487,3.9959,21.8393,182.3654,166.3818,7849710.0,0.3112,131335600.0,,,174.8933,175.3667,174.2967,,
2025-12-29,173.43,175.19,172.79,3978400.0,-0.7894,-0.0079,174.914,175.2595,172.9752,167.18,158.9557,174.7021,174.7116,174.2151,173.8589,171.9708,49.2611,50.8546,0.8526,1.2747655023465638,-0.4222,20.076033333333335,23.24394444444444,-87.8842,-2.7259,3.1769,175.2595,181.5791,168.9399,0.3553,3.8819,21.4172,182.0476,166.52,7795190.0,0.5104,127357200.0,,,174.8867,175.4233,174.2733,,
2025-12-30,173.65,174.4,173.34,3429300.0,0.1269,0.0013,174.353,175.54,173.1792,167.4575,159.041,174.4916,174.5483,174.1637,173.8435,172.0367,49.7204,51.1094,0.7048,1.1607724018772512,-0.456,16.798266666666667,20.271133333333335,-85.9527,-3.1295,3.3385,175.54,180.9913,170.0887,0.3266,3.6803,21.4064,181.584,166.8628,7625740.0,0.4497,130786500.0,,,173.8033,174.8167,172.4167,,
2025-12-31,171.05,173.78,171.01,4682600.0,-1.4973,-0.0151,173.846,175.5575,173.2594,167.6924,159.1065,173.8033,174.0101,173.8807,173.6365,171.998,44.5839,48.0202,0.3735,1.003317921501801,-0.6298,8.831233333333333,15.235177777777778,-99.6694,-2.8787,0.205,175.5575,180.9484,170.1666,0.0819,3.6153,21.5134,181.1518,166.6906,7401915.0,0.6326,126103900.0,,,173.7967,174.2533,173.1933,,
2026-01-02,172.98,174.68,172.2,6532200.0,1.1283,0.0112,173.91,175.453,173.3424,167.9425,159.19,173.6387,173.8516,173.7988,173.5879,172.0365,48.8114,50.3588,0.2637,0.855394337201441,-0.5917,10.219633333333332,11.949711111111112,-83.719,0.3714,-1.1938,175.453,180.9575,169.9485,0.2754,3.6164,19.8455,181.0643,166.5987,7347310.0,0.8891,132636100.0,,,171.9467,172.8833,170.1133,,
2026-01-05,176.31,178.85,174.01,8972200.0,1.9251,0.0191,174.122,175.551,173.4832,168.1683,159.2802,174.1729,174.2298,174.0271,173.7895,172.2041,55.1664,54.1,0.4403,0.7723754697611529,-0.3321,24.53363333333333,14.528166666666664,-43.0107,1.2171,1.1242,175.551,181.0432,170.0588,0.5691,3.7773,20.9748,181.6222,166.513,7433670.0,1.207,141608300.0,,,173.2867,174.3733,171.8933,,
2026-01-06,182.45,184.45,176.62,11033900.0,3.4825,0.0342,174.842,175.933,173.7316,168.4269,159.4027,175.8283,175.4945,174.7928,174.4311,172.6059,64.033,59.9445,1.0634,0.8305803758089223,0.2328,52.79643333333333,29.183233333333334,-14.881,4.1084,4.3705,175.933,182.1772,169.6888,1.0218,4.0889,24.1483,183.0437,166.6881,7565360.0,1.4585,152642200.0,182.449997,,176.39,178.77,173.93,macd_bullish_cross|bb_upper_touch,
2026-01-07,180.19,184.07,177.11,9853000.0,-1.2387,-0.0125,175.439,176.177,173.9566,168.6479,159.5196,176.7007,176.2168,175.2835,174.8577,172.9033,59.3781,57.1329,1.3592,0.9363043006471379,0.4229,70.1373,49.155788888888885,-31.6964,3.4267,2.7836,176.177,182.6808,169.6732,0.8085,4.294,24.6941,183.961,166.785,7723500.0,1.2757,142789200.0,,,181.1733,185.7267,177.8967,,
2026-01-08,181.87,184.31,176.2,8353500.0,0.9323,0.0093,176.151,176.4705,173.8404,168.8881,159.6285,177.7345,177.0866,175.8822,175.3771,173.2549,61.6121,58.6468,1.7095,1.0909434405177103,0.6186,78.0754,67.00304444444444,-19.1964,4.0744,3.3352,176.4705,183.4297,169.5113,0.8879,4.5666,24.8402,185.1249,166.8585,7755220.0,1.0771,151142700.0,,,180.4567,183.8033,176.8433,,
2026-01-09,177.78,179.44,174.8,9662200.0,-2.2489,-0.0227,176.452,176.249,173.7754,169.0769,159.7167,177.7436,177.1932,176.0548,175.5551,173.4324,53.8481,53.7908,1.6382,1.2003947524141685,0.4378,66.49306666666666,71.56858888888888,-49.628,1.7223,-2.4313,176.249,182.7289,169.7691,0.6181,4.7454,23.0064,185.6528,166.6712,7683325.0,1.2576,141480500.0,,,180.7933,185.3867,177.2767,,
2026-01-12,169.27,175.88,169.24,13657600.0,-4.7868,-0.0491,175.898,175.649,173.5874,169.2071,159.7711,176.0489,175.9743,175.438,175.0895,173.2692,41.9911,45.5507,0.8848,1.137275801931335,-0.2525,43.790933333333335,62.78646666666666,-99.8028,-3.1692,-6.62,175.649,182.3757,168.9223,0.0258,5.0164,28.5967,185.5385,165.4729,8050245.0,1.6965,127822900.0,,,177.34,179.88,175.24,macd_bearish_cross,
2026-01-13,165.29,168.35,164.97,9993300.0,-2.3513,-0.0238,175.084,174.999,173.348,169.3056,159.8077,173.8971,174.3305,174.5154,174.3636,172.9563,37.7991,42.3638,-0.0331,0.9032006415450681,-0.9363,17.403966666666665,42.56265555555555,-98.3573,-4.6935,-7.2915,174.999,182.9755,167.0225,-0.1086,4.9653,29.1465,184.4633,164.6021,8106620.0,1.2327,117829600.0,,,171.4633,173.6867,167.0467,bb_lower_touch,
2026-01-14,164.54,164.74,162.35,7959900.0,-0.4537,-0.0045,174.173,174.263,173.0208,169.4097,159.8667,172.0257,172.8243,173.6086,173.6359,172.6262,37.0486,41.7854,-0.8116,0.5602405132360545,-1.3718,3.9164333333333334,21.703777777777777,-90.0906,-5.2462,-8.2115,174.263,183.1908,165.3352,-0.0445,4.8206,28.9427,183.2223,163.9399,8156880.0,0.9759,109869700.0,,,166.2033,167.4367,164.0567,bb_lower_touch,
2026-01-15,161.39,166.5,161.03,9241600.0,-1.9144,-0.0193,173.207,173.5265,172.6342,169.4435,159.9056,169.8986,171.0652,172.4978,172.7288,172.1856,33.9953,39.4122,-1.6637,0.11545241058884359,-1.7792,4.363066666666667,8.561155555555557,-98.4629,-5.6475,-8.3636,173.5265,184.014,163.039,-0.0786,4.867,29.0502,182.154,162.686,8262160.0,1.1185,100628100.0,,,163.8767,165.4033,163.0133,bb_lower_touch,
2026-01-16,159.42,161.7,159.21,11990800.0,-1.2206,-0.0123,171.851,172.8805,172.3658,169.4735,159.9375,167.8028,169.2736,171.3089,171.743,171.685,32.2076,37.9951,-2.4694,-0.4015180715289251,-2.0679,4.092833333333334,4.1241111111111115,-99.168,-7.8391,-7.4968,172.8805,185.0393,160.7217,-0.0535,4.6972,28.4922,180.5763,161.7875,8436605.0,1.4213,88637300.0,,,162.9733,164.9167,159.4467,bb_lower_touch,
2026-01-20,154.07,157.72,153.25,11971400.0,-3.3559,-0.0341,169.627,171.8745,171.8528,169.4225,159.9374,165.0563,166.9346,169.7417,170.4339,170.9942,27.9144,34.4619,-3.4993,-1.0210744572231403,-2.4782,1.6657666666666666,3.3738888888888887,-97.3718,-12.6141,-11.5506,171.8745,186.5105,157.2385,-0.1082,4.8024,29.8596,179.157,159.9474,8586800.0,1.3942,76665900.0,,,160.11,161.01,158.52,rsi_oversold_27.9|bb_lower_touch,
2026-01-21,156.37,157.53,154.62,9181900.0,1.4928,0.0148,167.019,170.9305,171.5162,169.3885,160.0222,163.319,165.3093,168.5261,169.3921,170.4207,32.1044,37.1021,-4.0828,-1.6334195657785122,-2.4494,4.4867333333333335,3.4151111111111114,-90.0,-14.2943,-10.7732,170.9305,186.9444,154.9166,0.0454,4.7065,30.4889,177.7098,158.8838,7784720.0,1.1795,85847800.0,,,155.0133,156.7767,152.3067,,
2026-01-22,157.8,159.43,156.81,7450300.0,0.9145,0.0091,164.78,170.1095,171.2544,169.3585,160.1739,162.2152,164.154,167.551,168.5334,169.9257,34.6479,38.7139,-4.3794,-2.1826156526228098,-2.1968,9.070500000000001,5.074333333333334,-85.4167,-12.4258,-9.4249,170.1095,187.023,153.1959,0.1361,4.5889,30.9377,176.4749,158.1193,7836130.0,0.9508,93298100.0,,,156.1733,157.7267,154.8167,,
2026-01-23,155.82,157.98,154.85,7106700.0,-1.2548,-0.0126,162.175,169.163,170.9394,169.3094,160.3044,160.9362,162.8718,166.4846,167.5917,169.3726,32.8149,37.3234,-4.7199,-2.690072522098248,-2.0298,10.940166666666668,8.1658,-91.7628,-14.3234,-10.8326,169.163,187.024,151.302,0.1265,4.4847,30.9009,175.1734,157.2346,7956945.0,0.8931,86191400.0,,,158.0133,159.2167,156.5967,,
2026-01-26,154.52,156.2,154.3,8004200.0,-0.8343,-0.0084,159.849,168.1505,170.5502,169.2668,160.4537,159.6529,161.587,165.3969,166.6234,168.7901,31.6316,36.4216,-5.0365,-3.1593580176785983,-1.8771,8.963666666666667,9.658111111111111,-95.9295,-13.0836,-11.5867,168.1505,186.8991,149.4019,0.1365,4.3001,30.8348,173.6914,156.491,8274890.0,0.9673,78187200.0,,,156.2167,157.5833,154.4533,,
2026-01-27,153.04,156.74,152.66,8354600.0,-0.9578,-0.0096,158.226,167.062,170.0776,169.2244,160.501,158.3304,160.272,164.2735,165.6173,168.1725,30.2924,35.3991,-5.3452,-3.596526414142879,-1.7487,4.502766666666667,8.135533333333333,-98.7994,-9.5882,-12.4535,167.062,186.6469,147.4771,0.142,4.2844,30.7624,172.5123,155.3747,8570480.0,0.9748,69832600.0,,,155.0067,155.7133,153.8133,,
2026-01-28,152.7,154.0,150.4,8539000.0,-0.2222,-0.0022,156.967,166.0255,169.6416,169.1543,160.5925,157.2043,159.1071,163.2214,164.6604,167.5657,29.9784,35.161,-5.5533,-3.987881131314303,-1.5654,4.017933333333333,5.828122222222222,-93.2173,-7.6169,-11.9529,166.0255,186.3335,145.7175,0.1719,4.2355,30.7976,171.3437,154.4017,8798510.0,0.9705,61293600.0,,,154.1467,155.6333,151.5533,rsi_oversold_30.0,
2026-01-29,152.22,153.23,149.73,9142900.0,-0.3143,-0.0031,155.735,164.954,169.2064,169.0781,160.6573,156.2074,158.0476,162.2213,163.7389,166.9639,29.5133,34.8139,-5.6914,-4.328584905051443,-1.3628,5.454766666666667,4.658488888888889,-91.619,-7.4875,-12.3409,164.954,185.7942,144.1138,0.1945,4.1829,30.6921,170.224,153.4924,9084190.0,1.0065,52150700.0,,,152.3667,154.3333,150.7333,rsi_oversold_29.5,
2026-01-30,151.59,153.07,149.83,9577200.0,-0.4139,-0.0041,154.755,163.981,168.9032,168.9916,160.7193,155.2839,157.0541,161.2548,162.839,166.361,28.88,34.3466,-5.7849,-4.619847924041155,-1.1651,7.4254999999999995,5.632733333333333,-92.8872,-6.0722,-11.3768,163.981,185.4009,142.5611,0.2108,4.1156,30.5355,169.1114,152.649,9328920.0,1.0266,42573500.0,,,151.7267,153.7233,150.2233,rsi_oversold_28.9,
2026-02-02,152.62,153.64,150.82,9099100.0,0.6795,0.0068,154.075,162.963,168.6544,168.9312,160.7894,154.7512,156.3719,160.4698,162.082,165.8222,31.4693,35.8253,-5.7101,-4.837898339232924,-0.8722,10.338233333333333,7.7395,-84.4791,-4.2655,-11.7701,162.963,184.5103,141.4157,0.26,4.023,30.2415,168.1395,152.0475,9457265.0,0.9621,51672600.0,,,151.4967,153.1633,149.9233,,
2026-02-03,147.18,150.72,144.3,11966400.0,-3.5644,-0.0363,153.386,161.5065,168.2758,168.8135,160.8466,153.2369,154.9578,159.2616,160.9782,165.0911,26.0706,31.8475,-6.0204,-5.074398671386339,-0.946,11.868866666666667,9.877533333333334,-87.0271,-4.472,-16.522,161.5065,183.1858,139.8272,0.1696,4.33,30.4757,167.5237,150.2037,9606975.0,1.2456,39706200.0,,,152.36,153.9,151.08,rsi_oversold_26.1,
2026-02-04,148.89,153.47,148.17,19249300.0,1.1618,0.0116,152.638,159.8285,168.0618,168.6873,160.9077,152.3675,154.0243,158.3188,160.0828,164.4558,30.1284,34.2568,-6.0585,-5.271218937109071,-0.7873,16.389833333333332,12.865644444444444,-79.3243,-4.7835,-18.3941,159.8285,179.8993,139.7577,0.2275,4.47,27.0796,166.8538,148.9738,10017745.0,1.9215,58955500.0,,,147.4,150.5,144.08,,
2026-02-05,136.3,139.33,132.73,30229600.0,-8.4559,-0.0883,150.488,157.634,167.5218,168.432,160.9085,149.154,151.2975,156.3171,158.3211,163.3516,20.9926,26.9041,-7.0236,-5.621695149687257,-1.4019,15.3239,14.527533333333333,-87.6769,-13.6248,-24.3576,157.634,177.9164,137.3516,-0.0259,5.305,38.7969,166.4654,145.2454,11036575.0,2.739,28725900.0,,136.300003,150.1767,152.1833,146.8833,rsi_oversold_21.0|bb_lower_touch|volume_spike_2.7x,
2026-02-06,137.34,139.15,135.28,15036800.0,0.763,0.0076,148.64,155.4075,166.9674,168.1932,160.9015,146.7912,149.1502,154.5919,156.7669,162.3315,23.0678,28.24,-7.6168,-6.020716119749806,-1.5961,16.754900000000003,16.15621111111111,-82.7341,-11.8598,-24.4845,155.4075,174.2871,136.5279,0.0215,5.2025,38.6678,164.497,143.687,11370740.0,1.3224,43762700.0,,,136.12,139.51,132.91,rsi_oversold_23.1,
2026-02-09,138.93,139.94,136.5,11022700.0,1.1577,0.0115,147.081,153.465,166.48,167.9411,160.8939,145.219,147.5778,153.1681,155.4457,161.4138,26.2569,30.2853,-7.8678,-6.3901328957998444,-1.4777,17.603333333333335,16.560711111111114,-76.779,-10.0893,-21.8529,153.465,170.6563,136.2737,0.0773,5.0766,39.5471,162.8012,142.4948,11438765.0,0.9636,54785400.0,,,137.2567,139.2333,135.3633,rsi_oversold_26.3,
2026-02-10,140.09,140.41,136.79,9762900.0,0.835,0.0083,145.786,152.006,165.979,167.6894,160.8583,144.1932,146.4259,151.9791,154.3082,160.5776,28.583,31.775,-7.8824,-6.688586316639876,-1.1938,22.684133333333335,19.014122222222223,-72.4345,-8.4618,-17.2387,152.006,168.524,135.488,0.1393,4.9725,37.6803,161.397,141.507,11244030.0,0.8683,64548300.0,,,138.4567,140.4133,136.9733,rsi_oversold_28.6,
2026-02-11,141.04,142.39,139.11,9379300.0,0.6781,0.0068,144.62,150.7935,165.438,167.4185,160.8207,143.5625,145.5973,150.9847,153.3254,159.8114,30.5159,33.0059,-7.7281,-6.896489053311901,-0.8316,27.899133333333335,22.728866666666672,-67.0891,-7.6359,-14.6712,150.7935,166.7848,134.8022,0.195,4.8517,37.6996,160.1638,140.757,11213330.0,0.8364,73927600.0,,,139.0967,141.4033,137.7833,,
2026-02-12,138.47,141.5,136.74,12416600.0,-1.8222,-0.0184,143.245,149.49,164.8466,167.1347,160.7749,142.544,144.5008,149.847,152.225,158.9745,28.2855,31.3968,-7.7242,-7.062031242649521,-0.6622,28.1277,26.23698888888889,-76.0933,-9.033,-15.8442,149.49,165.0305,133.9495,0.1454,4.8451,37.8546,159.0086,139.6282,11436165.0,1.0857,61511000.0,,,140.8467,142.5833,139.3033,rsi_oversold_28.3,
2026-02-13,140.7,141.48,136.74,13134400.0,1.6105,0.016,142.156,148.4555,164.2466,166.8445,160.744,142.1752,143.916,149.0154,151.3713,158.2579,32.8704,34.3144,-7.4552,-7.140664994119617,-0.3145,30.004033333333336,28.676955555555555,-66.8055,-7.1839,-12.8199,148.4555,163.434,133.477,0.2411,4.8376,38.5976,158.1728,138.8224,11630805.0,1.1293,74645400.0,,,138.9033,141.0667,136.3067,,
2026-02-17,142.63,143.5,140.01,10670700.0,1.3717,0.0136,141.157,147.616,163.5978,166.5755,160.7149,142.2662,143.7182,148.4349,150.7238,157.645,36.6456,36.7585,-7.0056,-7.113651995295694,0.1081,34.548566666666666,30.893433333333334,-53.4555,-6.5457,-10.5319,147.616,161.9087,133.3233,0.3256,4.7413,39.2056,157.4214,138.4562,11564800.0,0.9227,85316100.0,,,139.64,142.54,137.8,macd_bullish_cross,
2026-02-18,143.24,144.48,140.72,9944500.0,0.4277,0.0043,140.763,147.0745,162.9756,166.2724,160.755,142.4609,143.6446,147.9627,150.1694,157.0801,37.8355,37.5299,-6.5248,-6.995881596236556,0.4711,43.33403333333334,35.96221111111111,-49.7369,-2.677,-7.0293,147.0745,161.1673,132.9817,0.364,4.6712,37.8398,156.8337,138.1489,11463455.0,0.8675,95260600.0,,,142.0467,144.0833,140.5933,,
2026-02-19,141.27,142.32,139.9,8219400.0,-1.3753,-0.0138,140.001,146.3195,162.3048,165.9883,160.7623,142.2228,143.2793,147.3542,149.5102,156.4601,35.5155,36.0393,-6.2309,-6.842885276989245,0.612,45.883100000000006,41.25523333333334,-59.1583,-5.1179,-9.6566,146.3195,159.9497,132.6893,0.3148,4.5762,37.3498,156.0512,137.7464,11415330.0,0.72,87041200.0,,,142.8133,144.9067,141.1467,,
2026-02-20,142.88,144.07,140.1,10265100.0,1.1397,0.0113,140.659,145.5735,161.6562,165.7251,160.7795,142.3542,143.2179,146.9475,149.0191,155.9275,38.8174,38.1475,-5.8012,-6.6345482215913965,0.8333,46.54873333333334,45.25528888888889,-51.4586,4.8276,-9.455,145.5735,158.2053,132.9417,0.3934,4.5329,37.4702,155.5819,137.4503,11556070.0,0.8883,97306300.0,,,141.1633,142.4267,140.0067,,
2026-02-23,140.41,144.06,139.64,8260100.0,-1.7287,-0.0174,140.966,144.803,160.9444,165.4762,160.7821,141.9654,142.7859,146.3532,148.3814,155.319,35.7896,36.2241,-5.5955,-6.426738577273118,0.8312,42.13766666666667,44.856500000000004,-62.9701,2.2353,-9.8896,144.803,156.6993,132.9067,0.3154,4.5248,37.6392,154.9841,136.8849,11613740.0,0.7112,89046200.0,,,142.35,144.6,140.63,,
2026-02-24,144.78,146.37,142.06,11085700.0,3.1123,0.0306,141.551,144.316,160.1958,165.2604,160.7845,142.5283,143.0927,146.2102,148.1146,154.9057,44.0975,41.686,-5.0219,-6.1457708618184945,1.1239,47.89053333333334,45.525644444444445,-41.8997,4.2108,-6.3034,144.316,155.3473,133.2847,0.521,4.6273,39.6962,155.0792,136.57,11767815.0,0.942,100131900.0,,,141.37,143.1,138.68,death_cross,
2026-02-25,145.82,146.03,144.02,7358300.0,0.7183,0.0072,142.124,143.955,159.4868,165.0537,160.7881,143.1866,143.5123,146.1747,147.9446,154.5494,45.8917,42.9078,-4.4324,-5.8030966894547955,1.3707,63.699333333333335,51.24251111111111,-4.0322,4.0902,-4.7177,143.955,154.27,133.64,0.5904,4.4404,39.7859,154.7049,136.9433,11718000.0,0.6279,107490200.0,145.820007,,144.4033,146.7467,142.4367,,
2026-02-26,145.59,146.94,144.52,8642100.0,-0.1577,-0.0016,142.579,143.5995,158.8328,164.8211,160.7901,143.6673,143.8319,146.1215,147.7702,154.1981,45.5436,42.7,-3.9383,-5.430137351563836,1.4918,80.83,64.13995555555556,-11.5781,3.226,-4.6562,143.5995,153.1459,134.0531,0.6043,4.296,39.787,154.3938,137.2098,11723155.0,0.7372,98848100.0,,,145.29,146.56,144.55,,
2026-02-27,142.36,143.91,141.35,12439900.0,-2.2186,-0.0224,142.968,143.1065,158.0948,164.5529,160.7413,143.4058,143.6055,145.7796,147.3695,153.7338,40.8561,39.8546,-3.764,-5.096909881251069,1.3329,80.17333333333333,74.9008888888889,-43.8697,2.8093,-6.4775,143.1065,151.8017,134.4113,0.4571,4.292,40.4201,154.058,136.89,11888005.0,1.0464,86408200.0,,,145.6833,146.8467,144.4267,,
2026-03-02,141.03,142.01,136.89,8963900.0,-0.9343,-0.0094,143.001,142.5785,157.393,164.277,160.6898,142.9307,143.2092,145.3478,146.8999,153.2356,39.0728,38.7385,-3.6906,-4.815647905000856,1.125,62.20366666666666,74.40233333333333,-57.9412,0.2345,-6.9662,142.5785,150.3861,134.7709,0.4008,4.3762,40.4766,153.8032,136.2984,11857340.0,0.756,77444300.0,,,142.54,143.73,141.17,,
2026-03-03,138.13,139.2,136.3,10372400.0,-2.0563,-0.0208,142.551,141.854,156.7088,164.0037,160.6155,141.9705,142.4278,144.6916,146.2502,152.6433,35.4404,36.4045,-3.8224,-4.616998324000685,0.7946,38.462799999999994,60.27993333333333,-82.8007,-3.155,-9.4942,141.854,148.3848,135.3232,0.2149,4.4015,40.7199,153.1947,135.5887,11921005.0,0.8701,67071900.0,,,139.9767,143.0633,137.9433,,
2026-03-04,139.51,139.89,137.42,9309800.0,0.9991,0.0099,142.178,141.4705,156.0152,163.7211,160.55,141.4784,141.9789,144.2206,145.751,152.1282,38.3762,38.263,-3.772,-4.4479986592005485,0.676,29.809066666666666,43.49184444444444,-69.8309,-2.604,-5.2113,141.4705,147.5933,135.3477,0.3399,4.2635,39.2874,152.4538,135.3998,11788175.0,0.7898,76381700.0,,,137.8767,139.4533,136.5533,,
2026-03-05,137.0,139.66,135.8,8981000.0,-1.7992,-0.0182,141.751,140.876,155.2502,163.4345,160.4725,140.5827,141.2129,143.5642,145.1027,151.535,35.2375,36.2403,-3.8898,-4.336358927360439,0.4466,19.380133333333333,29.21733333333333,-89.228,-3.0226,-7.9858,140.876,146.2669,135.4851,0.1405,4.2347,39.2757,151.7365,134.7977,11274760.0,0.7966,67400700.0,,,138.94,140.46,137.99,,
2026-03-06,135.69,137.18,133.42,9197000.0,-0.9562,-0.0096,141.032,140.8455,154.4796,163.2555,160.3825,139.6042,140.3633,142.8483,144.4055,150.9136,33.6888,35.22,-4.0423,-4.277547141888351,0.2352,19.2437,22.81096666666667,-83.21,-5.0322,-0.4475,140.8455,146.3454,135.3456,0.0313,4.2008,23.7772,150.947,134.1438,10223130.0,0.8996,58203700.0,,,137.4867,139.1733,135.3133,,
2026-03-09,138.11,138.58,132.46,12304600.0,1.7835,0.0177,140.802,140.884,153.7468,163.0188,160.3039,139.3054,140.0166,142.4176,143.9392,150.4115,39.0206,38.5745,-3.9226,-4.206557713510682,0.284,22.193766666666665,20.27253333333333,-60.9807,-1.6381,0.5607,140.884,146.2953,135.4727,0.2437,4.3379,24.4758,150.7988,133.4472,10086520.0,1.2199,70508300.0,,,135.43,137.44,133.68,,
2026-03-10,135.2,136.75,132.16,10447300.0,-2.107,-0.0213,139.844,140.6975,152.9554,162.7534,160.2234,138.4843,139.2756,141.7614,143.2918,149.815,35.3408,36.2072,-4.0162,-4.168486170808546,0.1523,25.4592,22.298888888888886,-79.4317,-6.6169,-2.6848,140.6975,146.6001,134.7949,0.0343,4.453,25.2376,150.3697,132.5577,10057750.0,1.0387,60061000.0,,,136.3833,140.3067,134.1867,,
2026-03-11,134.12,138.2,133.96,7830500.0,-0.7988,-0.008,138.674,140.399,152.1416,162.4649,160.1571,137.6114,138.4824,141.0668,142.6124,149.1995,34.0571,35.3616,-4.13,-4.160788936646837,0.0308,24.2829,23.978622222222224,-86.7389,-8.0236,-4.2615,140.399,146.9613,133.8367,0.0216,4.4378,25.0725,149.6399,131.8887,9961130.0,0.7861,52230500.0,,,134.7033,137.2467,132.6567,,
2026-03-12,131.15,134.87,130.61,9162800.0,-2.2144,-0.0224,137.23,139.9045,151.296,162.1356,160.086,136.3191,137.3544,140.1652,141.7634,148.4917,30.7494,33.1274,-4.409,-4.210431149317469,-0.1986,12.378733333333335,20.706944444444446,-96.6932,-9.9183,-7.0122,139.9045,147.5929,132.2161,-0.0693,4.4251,25.8187,148.6988,130.9984,9950305.0,0.9209,43067700.0,,,135.4267,136.8933,132.6533,macd_bearish_cross|bb_lower_touch,
2026-03-13,129.82,133.415,129.22,7778319.0,-1.0141,-0.0102,135.976,139.472,150.4194,161.7993,159.9919,135.0193,136.1952,139.2248,140.8787,147.7594,29.3736,32.1717,-4.6835,-4.305044919453976,-0.3785,6.6513,14.437644444444445,-96.614,-8.8086,-6.2468,139.472,148.3203,130.6237,-0.0454,4.4087,25.3573,147.7109,130.0761,9718390.95,0.8004,35289381.0,,,132.21,133.81,129.55,rsi_oversold_29.4|bb_lower_touch,
